tileName,library_name,feature_id,source,capture_date,spectrum,project_row,project_col,priority
R11C1,055d290c,c6a1df90f872eebfb671ffe4055d290c,WV02,8/30/2023,Pan Sharpened Natural Color,1,2,TRUE
R11C2,055d290c,c6a1df90f872eebfb671ffe4055d290c,WV02,8/30/2023,Pan Sharpened Natural Color,1,2,TRUE
R11C3,055d290c,c6a1df90f872eebfb671ffe4055d290c,WV02,8/30/2023,Pan Sharpened Natural Color,1,2,TRUE
R12C1,055d290c,c6a1df90f872eebfb671ffe4055d290c,WV02,8/30/2023,Pan Sharpened Natural Color,1,2,TRUE
R12C2,055d290c,c6a1df90f872eebfb671ffe4055d290c,WV02,8/30/2023,Pan Sharpened Natural Color,1,2,TRUE
R12C3,055d290c,c6a1df90f872eebfb671ffe4055d290c,WV02,8/30/2023,Pan Sharpened Natural Color,1,2,TRUE
R13C1,055d290c,c6a1df90f872eebfb671ffe4055d290c,WV02,8/30/2023,Pan Sharpened Natural Color,1,2,TRUE
R13C2,055d290c,c6a1df90f872eebfb671ffe4055d290c,WV02,8/30/2023,Pan Sharpened Natural Color,1,2,TRUE
R13C3,055d290c,c6a1df90f872eebfb671ffe4055d290c,WV02,8/30/2023,Pan Sharpened Natural Color,1,2,TRUE
R14C1,055d290c,c6a1df90f872eebfb671ffe4055d290c,WV02,8/30/2023,Pan Sharpened Natural Color,1,2,TRUE
R14C2,055d290c,c6a1df90f872eebfb671ffe4055d290c,WV02,8/30/2023,Pan Sharpened Natural Color,1,2,FALSE
R14C3,055d290c,c6a1df90f872eebfb671ffe4055d290c,WV02,8/30/2023,Pan Sharpened Natural Color,1,2,FALSE
R15C1,055d290c,c6a1df90f872eebfb671ffe4055d290c,WV02,8/30/2023,Pan Sharpened Natural Color,1,2,FALSE
R1C1,056744fe,adf68bc9cd4d61e6076666b9056744fe,GE01,8/9/2024,Pan Sharpened Natural Color,3,2,FALSE
R1C2,056744fe,adf68bc9cd4d61e6076666b9056744fe,GE01,8/9/2024,Pan Sharpened Natural Color,3,2,FALSE
R1C3,056744fe,adf68bc9cd4d61e6076666b9056744fe,GE01,8/9/2024,Pan Sharpened Natural Color,3,2,FALSE
R2C1,056744fe,adf68bc9cd4d61e6076666b9056744fe,GE01,8/9/2024,Pan Sharpened Natural Color,3,2,FALSE
R2C2,056744fe,adf68bc9cd4d61e6076666b9056744fe,GE01,8/9/2024,Pan Sharpened Natural Color,3,2,FALSE
R2C3,056744fe,adf68bc9cd4d61e6076666b9056744fe,GE01,8/9/2024,Pan Sharpened Natural Color,3,2,FALSE
R3C1,056744fe,adf68bc9cd4d61e6076666b9056744fe,GE01,8/9/2024,Pan Sharpened Natural Color,3,2,FALSE
R3C2,056744fe,adf68bc9cd4d61e6076666b9056744fe,GE01,8/9/2024,Pan Sharpened Natural Color,3,2,FALSE
R3C3,056744fe,adf68bc9cd4d61e6076666b9056744fe,GE01,8/9/2024,Pan Sharpened Natural Color,3,2,FALSE
R4C1,056744fe,adf68bc9cd4d61e6076666b9056744fe,GE01,8/9/2024,Pan Sharpened Natural Color,3,2,FALSE
R4C2,056744fe,adf68bc9cd4d61e6076666b9056744fe,GE01,8/9/2024,Pan Sharpened Natural Color,3,2,FALSE
R4C3,056744fe,adf68bc9cd4d61e6076666b9056744fe,GE01,8/9/2024,Pan Sharpened Natural Color,3,2,FALSE
R5C1,056744fe,adf68bc9cd4d61e6076666b9056744fe,GE01,8/9/2024,Pan Sharpened Natural Color,3,2,FALSE
R5C2,056744fe,adf68bc9cd4d61e6076666b9056744fe,GE01,8/9/2024,Pan Sharpened Natural Color,3,2,FALSE
R5C3,056744fe,adf68bc9cd4d61e6076666b9056744fe,GE01,8/9/2024,Pan Sharpened Natural Color,3,2,FALSE
R6C1,056744fe,adf68bc9cd4d61e6076666b9056744fe,GE01,8/9/2024,Pan Sharpened Natural Color,3,2,FALSE
R6C2,056744fe,adf68bc9cd4d61e6076666b9056744fe,GE01,8/9/2024,Pan Sharpened Natural Color,3,2,FALSE
R6C3,056744fe,adf68bc9cd4d61e6076666b9056744fe,GE01,8/9/2024,Pan Sharpened Natural Color,3,2,FALSE
R15C1,09f49754,50221e133a83ed9b952a536909f49754,WV02,7/13/2024,Pan Sharpened Natural Color,2,2,FALSE
R15C2,09f49754,50221e133a83ed9b952a536909f49754,WV02,7/13/2024,Pan Sharpened Natural Color,2,2,FALSE
R15C3,09f49754,50221e133a83ed9b952a536909f49754,WV02,7/13/2024,Pan Sharpened Natural Color,2,2,FALSE
R1C1,09f49754,50221e133a83ed9b952a536909f49754,WV02,7/13/2024,Pan Sharpened Natural Color,2,2,FALSE
R1C2,09f49754,50221e133a83ed9b952a536909f49754,WV02,7/13/2024,Pan Sharpened Natural Color,2,2,FALSE
R1C3,09f49754,50221e133a83ed9b952a536909f49754,WV02,7/13/2024,Pan Sharpened Natural Color,2,2,FALSE
R2C1,09f49754,50221e133a83ed9b952a536909f49754,WV02,7/13/2024,Pan Sharpened Natural Color,2,2,FALSE
R2C2,09f49754,50221e133a83ed9b952a536909f49754,WV02,7/13/2024,Pan Sharpened Natural Color,2,2,FALSE
R2C3,09f49754,50221e133a83ed9b952a536909f49754,WV02,7/13/2024,Pan Sharpened Natural Color,2,2,FALSE
R3C1,09f49754,50221e133a83ed9b952a536909f49754,WV02,7/13/2024,Pan Sharpened Natural Color,2,2,FALSE
R3C2,09f49754,50221e133a83ed9b952a536909f49754,WV02,7/13/2024,Pan Sharpened Natural Color,2,2,FALSE
R3C3,09f49754,50221e133a83ed9b952a536909f49754,WV02,7/13/2024,Pan Sharpened Natural Color,2,2,FALSE
R4C1,09f49754,50221e133a83ed9b952a536909f49754,WV02,7/13/2024,Pan Sharpened Natural Color,2,2,FALSE
R4C2,09f49754,50221e133a83ed9b952a536909f49754,WV02,7/13/2024,Pan Sharpened Natural Color,2,2,FALSE
R4C3,09f49754,50221e133a83ed9b952a536909f49754,WV02,7/13/2024,Pan Sharpened Natural Color,2,2,FALSE
R5C1,09f49754,50221e133a83ed9b952a536909f49754,WV02,7/13/2024,Pan Sharpened Natural Color,2,2,FALSE
R5C2,09f49754,50221e133a83ed9b952a536909f49754,WV02,7/13/2024,Pan Sharpened Natural Color,2,2,FALSE
R5C3,09f49754,50221e133a83ed9b952a536909f49754,WV02,7/13/2024,Pan Sharpened Natural Color,2,2,FALSE
R6C1,09f49754,50221e133a83ed9b952a536909f49754,WV02,7/13/2024,Pan Sharpened Natural Color,2,2,FALSE
R6C2,09f49754,50221e133a83ed9b952a536909f49754,WV02,7/13/2024,Pan Sharpened Natural Color,2,2,FALSE
R6C3,09f49754,50221e133a83ed9b952a536909f49754,WV02,7/13/2024,Pan Sharpened Natural Color,2,2,FALSE
R7C1,09f49754,50221e133a83ed9b952a536909f49754,WV02,7/13/2024,Pan Sharpened Natural Color,2,2,FALSE
R7C2,09f49754,50221e133a83ed9b952a536909f49754,WV02,7/13/2024,Pan Sharpened Natural Color,2,2,FALSE
R7C3,09f49754,50221e133a83ed9b952a536909f49754,WV02,7/13/2024,Pan Sharpened Natural Color,2,2,FALSE
R8C1,09f49754,50221e133a83ed9b952a536909f49754,WV02,7/13/2024,Pan Sharpened Natural Color,2,2,FALSE
R8C2,09f49754,50221e133a83ed9b952a536909f49754,WV02,7/13/2024,Pan Sharpened Natural Color,2,2,FALSE
R9C1,09f49754,50221e133a83ed9b952a536909f49754,WV02,7/13/2024,Pan Sharpened Natural Color,2,2,FALSE
R9C2,09f49754,50221e133a83ed9b952a536909f49754,WV02,7/13/2024,Pan Sharpened Natural Color,2,2,FALSE
R1C1,15696db9,34c0415ae4f8538a066385a915696db9,WV02,12/6/2023,Pan Sharpened Natural Color,2,3,TRUE
R1C2,15696db9,34c0415ae4f8538a066385a915696db9,WV02,12/6/2023,Pan Sharpened Natural Color,2,3,TRUE
R1C3,15696db9,34c0415ae4f8538a066385a915696db9,WV02,12/6/2023,Pan Sharpened Natural Color,2,3,TRUE
R2C1,15696db9,34c0415ae4f8538a066385a915696db9,WV02,12/6/2023,Pan Sharpened Natural Color,2,3,TRUE
R2C2,15696db9,34c0415ae4f8538a066385a915696db9,WV02,12/6/2023,Pan Sharpened Natural Color,2,3,TRUE
R2C3,15696db9,34c0415ae4f8538a066385a915696db9,WV02,12/6/2023,Pan Sharpened Natural Color,2,3,TRUE
R3C1,15696db9,34c0415ae4f8538a066385a915696db9,WV02,12/6/2023,Pan Sharpened Natural Color,2,3,TRUE
R3C2,15696db9,34c0415ae4f8538a066385a915696db9,WV02,12/6/2023,Pan Sharpened Natural Color,2,3,TRUE
R3C3,15696db9,34c0415ae4f8538a066385a915696db9,WV02,12/6/2023,Pan Sharpened Natural Color,2,3,TRUE
R4C1,15696db9,34c0415ae4f8538a066385a915696db9,WV02,12/6/2023,Pan Sharpened Natural Color,2,3,FALSE
R4C2,15696db9,34c0415ae4f8538a066385a915696db9,WV02,12/6/2023,Pan Sharpened Natural Color,2,3,TRUE
R4C3,15696db9,34c0415ae4f8538a066385a915696db9,WV02,12/6/2023,Pan Sharpened Natural Color,2,3,TRUE
R5C1,15696db9,34c0415ae4f8538a066385a915696db9,WV02,12/6/2023,Pan Sharpened Natural Color,2,3,FALSE
R5C2,15696db9,34c0415ae4f8538a066385a915696db9,WV02,12/6/2023,Pan Sharpened Natural Color,2,3,FALSE
R4C1,1b78a368,5bf4ee8e526e6938e52f45531b78a368,WV02,9/20/2024,Pan Sharpened Natural Color,1,1,TRUE
R4C2,1b78a368,5bf4ee8e526e6938e52f45531b78a368,WV02,9/20/2024,Pan Sharpened Natural Color,1,1,TRUE
R4C3,1b78a368,5bf4ee8e526e6938e52f45531b78a368,WV02,9/20/2024,Pan Sharpened Natural Color,1,1,TRUE
R5C1,1b78a368,5bf4ee8e526e6938e52f45531b78a368,WV02,9/20/2024,Pan Sharpened Natural Color,1,1,TRUE
R5C2,1b78a368,5bf4ee8e526e6938e52f45531b78a368,WV02,9/20/2024,Pan Sharpened Natural Color,1,1,TRUE
R5C3,1b78a368,5bf4ee8e526e6938e52f45531b78a368,WV02,9/20/2024,Pan Sharpened Natural Color,1,1,TRUE
R6C1,1b78a368,5bf4ee8e526e6938e52f45531b78a368,WV02,9/20/2024,Pan Sharpened Natural Color,1,1,FALSE
R6C2,1b78a368,5bf4ee8e526e6938e52f45531b78a368,WV02,9/20/2024,Pan Sharpened Natural Color,1,1,FALSE
R6C3,1b78a368,5bf4ee8e526e6938e52f45531b78a368,WV02,9/20/2024,Pan Sharpened Natural Color,1,1,FALSE
R7C1,1b78a368,5bf4ee8e526e6938e52f45531b78a368,WV02,9/20/2024,Pan Sharpened Natural Color,1,1,FALSE
R7C2,1b78a368,5bf4ee8e526e6938e52f45531b78a368,WV02,9/20/2024,Pan Sharpened Natural Color,1,1,FALSE
R7C3,1b78a368,5bf4ee8e526e6938e52f45531b78a368,WV02,9/20/2024,Pan Sharpened Natural Color,1,1,FALSE
R8C2,1b78a368,5bf4ee8e526e6938e52f45531b78a368,WV02,9/20/2024,Pan Sharpened Natural Color,1,1,FALSE
R8C3,1b78a368,5bf4ee8e526e6938e52f45531b78a368,WV02,9/20/2024,Pan Sharpened Natural Color,1,1,FALSE
R10C1,1d1878ee,88e64c47c794a0c1895c97e61d1878ee,WV03_VNIR,10/6/2024,Pan Sharpened Natural Color,1,3,FALSE
R10C2,1d1878ee,88e64c47c794a0c1895c97e61d1878ee,WV03_VNIR,10/6/2024,Pan Sharpened Natural Color,1,3,FALSE
R10C3,1d1878ee,88e64c47c794a0c1895c97e61d1878ee,WV03_VNIR,10/6/2024,Pan Sharpened Natural Color,1,3,FALSE
R10C4,1d1878ee,88e64c47c794a0c1895c97e61d1878ee,WV03_VNIR,10/6/2024,Pan Sharpened Natural Color,1,3,FALSE
R11C1,1d1878ee,88e64c47c794a0c1895c97e61d1878ee,WV03_VNIR,10/6/2024,Pan Sharpened Natural Color,1,3,FALSE
R11C2,1d1878ee,88e64c47c794a0c1895c97e61d1878ee,WV03_VNIR,10/6/2024,Pan Sharpened Natural Color,1,3,FALSE
R11C3,1d1878ee,88e64c47c794a0c1895c97e61d1878ee,WV03_VNIR,10/6/2024,Pan Sharpened Natural Color,1,3,FALSE
R11C4,1d1878ee,88e64c47c794a0c1895c97e61d1878ee,WV03_VNIR,10/6/2024,Pan Sharpened Natural Color,1,3,FALSE
R12C1,1d1878ee,88e64c47c794a0c1895c97e61d1878ee,WV03_VNIR,10/6/2024,Pan Sharpened Natural Color,1,3,FALSE
R12C2,1d1878ee,88e64c47c794a0c1895c97e61d1878ee,WV03_VNIR,10/6/2024,Pan Sharpened Natural Color,1,3,FALSE
R12C3,1d1878ee,88e64c47c794a0c1895c97e61d1878ee,WV03_VNIR,10/6/2024,Pan Sharpened Natural Color,1,3,FALSE
R12C4,1d1878ee,88e64c47c794a0c1895c97e61d1878ee,WV03_VNIR,10/6/2024,Pan Sharpened Natural Color,1,3,FALSE
R13C1,1d1878ee,88e64c47c794a0c1895c97e61d1878ee,WV03_VNIR,10/6/2024,Pan Sharpened Natural Color,1,3,FALSE
R13C2,1d1878ee,88e64c47c794a0c1895c97e61d1878ee,WV03_VNIR,10/6/2024,Pan Sharpened Natural Color,1,3,FALSE
R13C3,1d1878ee,88e64c47c794a0c1895c97e61d1878ee,WV03_VNIR,10/6/2024,Pan Sharpened Natural Color,1,3,FALSE
R13C4,1d1878ee,88e64c47c794a0c1895c97e61d1878ee,WV03_VNIR,10/6/2024,Pan Sharpened Natural Color,1,3,FALSE
R14C1,1d1878ee,88e64c47c794a0c1895c97e61d1878ee,WV03_VNIR,10/6/2024,Pan Sharpened Natural Color,1,3,FALSE
R14C2,1d1878ee,88e64c47c794a0c1895c97e61d1878ee,WV03_VNIR,10/6/2024,Pan Sharpened Natural Color,1,3,FALSE
R14C3,1d1878ee,88e64c47c794a0c1895c97e61d1878ee,WV03_VNIR,10/6/2024,Pan Sharpened Natural Color,1,3,FALSE
R14C4,1d1878ee,88e64c47c794a0c1895c97e61d1878ee,WV03_VNIR,10/6/2024,Pan Sharpened Natural Color,1,3,FALSE
R15C1,1d1878ee,88e64c47c794a0c1895c97e61d1878ee,WV03_VNIR,10/6/2024,Pan Sharpened Natural Color,1,3,FALSE
R15C2,1d1878ee,88e64c47c794a0c1895c97e61d1878ee,WV03_VNIR,10/6/2024,Pan Sharpened Natural Color,1,3,FALSE
R15C3,1d1878ee,88e64c47c794a0c1895c97e61d1878ee,WV03_VNIR,10/6/2024,Pan Sharpened Natural Color,1,3,FALSE
R15C4,1d1878ee,88e64c47c794a0c1895c97e61d1878ee,WV03_VNIR,10/6/2024,Pan Sharpened Natural Color,1,3,FALSE
R16C1,1d1878ee,88e64c47c794a0c1895c97e61d1878ee,WV03_VNIR,10/6/2024,Pan Sharpened Natural Color,1,3,FALSE
R16C2,1d1878ee,88e64c47c794a0c1895c97e61d1878ee,WV03_VNIR,10/6/2024,Pan Sharpened Natural Color,1,3,FALSE
R16C3,1d1878ee,88e64c47c794a0c1895c97e61d1878ee,WV03_VNIR,10/6/2024,Pan Sharpened Natural Color,1,3,FALSE
R16C4,1d1878ee,88e64c47c794a0c1895c97e61d1878ee,WV03_VNIR,10/6/2024,Pan Sharpened Natural Color,1,3,FALSE
R17C1,1d1878ee,88e64c47c794a0c1895c97e61d1878ee,WV03_VNIR,10/6/2024,Pan Sharpened Natural Color,1,3,FALSE
R17C2,1d1878ee,88e64c47c794a0c1895c97e61d1878ee,WV03_VNIR,10/6/2024,Pan Sharpened Natural Color,1,3,FALSE
R17C3,1d1878ee,88e64c47c794a0c1895c97e61d1878ee,WV03_VNIR,10/6/2024,Pan Sharpened Natural Color,1,3,FALSE
R17C4,1d1878ee,88e64c47c794a0c1895c97e61d1878ee,WV03_VNIR,10/6/2024,Pan Sharpened Natural Color,1,3,FALSE
R18C1,1d1878ee,88e64c47c794a0c1895c97e61d1878ee,WV03_VNIR,10/6/2024,Pan Sharpened Natural Color,1,3,FALSE
R18C2,1d1878ee,88e64c47c794a0c1895c97e61d1878ee,WV03_VNIR,10/6/2024,Pan Sharpened Natural Color,1,3,FALSE
R18C3,1d1878ee,88e64c47c794a0c1895c97e61d1878ee,WV03_VNIR,10/6/2024,Pan Sharpened Natural Color,1,3,FALSE
R18C4,1d1878ee,88e64c47c794a0c1895c97e61d1878ee,WV03_VNIR,10/6/2024,Pan Sharpened Natural Color,1,3,FALSE
R19C1,1d1878ee,88e64c47c794a0c1895c97e61d1878ee,WV03_VNIR,10/6/2024,Pan Sharpened Natural Color,1,3,FALSE
R19C2,1d1878ee,88e64c47c794a0c1895c97e61d1878ee,WV03_VNIR,10/6/2024,Pan Sharpened Natural Color,1,3,TRUE
R19C3,1d1878ee,88e64c47c794a0c1895c97e61d1878ee,WV03_VNIR,10/6/2024,Pan Sharpened Natural Color,1,3,TRUE
R19C4,1d1878ee,88e64c47c794a0c1895c97e61d1878ee,WV03_VNIR,10/6/2024,Pan Sharpened Natural Color,1,3,TRUE
R20C1,1d1878ee,88e64c47c794a0c1895c97e61d1878ee,WV03_VNIR,10/6/2024,Pan Sharpened Natural Color,1,3,TRUE
R20C2,1d1878ee,88e64c47c794a0c1895c97e61d1878ee,WV03_VNIR,10/6/2024,Pan Sharpened Natural Color,1,3,TRUE
R20C3,1d1878ee,88e64c47c794a0c1895c97e61d1878ee,WV03_VNIR,10/6/2024,Pan Sharpened Natural Color,1,3,TRUE
R20C4,1d1878ee,88e64c47c794a0c1895c97e61d1878ee,WV03_VNIR,10/6/2024,Pan Sharpened Natural Color,1,3,TRUE
R2C1,1d1878ee,88e64c47c794a0c1895c97e61d1878ee,WV03_VNIR,10/6/2024,Pan Sharpened Natural Color,1,3,FALSE
R2C2,1d1878ee,88e64c47c794a0c1895c97e61d1878ee,WV03_VNIR,10/6/2024,Pan Sharpened Natural Color,1,3,FALSE
R3C1,1d1878ee,88e64c47c794a0c1895c97e61d1878ee,WV03_VNIR,10/6/2024,Pan Sharpened Natural Color,1,3,FALSE
R3C2,1d1878ee,88e64c47c794a0c1895c97e61d1878ee,WV03_VNIR,10/6/2024,Pan Sharpened Natural Color,1,3,FALSE
R3C3,1d1878ee,88e64c47c794a0c1895c97e61d1878ee,WV03_VNIR,10/6/2024,Pan Sharpened Natural Color,1,3,FALSE
R4C1,1d1878ee,88e64c47c794a0c1895c97e61d1878ee,WV03_VNIR,10/6/2024,Pan Sharpened Natural Color,1,3,FALSE
R4C2,1d1878ee,88e64c47c794a0c1895c97e61d1878ee,WV03_VNIR,10/6/2024,Pan Sharpened Natural Color,1,3,FALSE
R4C3,1d1878ee,88e64c47c794a0c1895c97e61d1878ee,WV03_VNIR,10/6/2024,Pan Sharpened Natural Color,1,3,FALSE
R5C1,1d1878ee,88e64c47c794a0c1895c97e61d1878ee,WV03_VNIR,10/6/2024,Pan Sharpened Natural Color,1,3,FALSE
R5C2,1d1878ee,88e64c47c794a0c1895c97e61d1878ee,WV03_VNIR,10/6/2024,Pan Sharpened Natural Color,1,3,FALSE
R5C3,1d1878ee,88e64c47c794a0c1895c97e61d1878ee,WV03_VNIR,10/6/2024,Pan Sharpened Natural Color,1,3,FALSE
R5C4,1d1878ee,88e64c47c794a0c1895c97e61d1878ee,WV03_VNIR,10/6/2024,Pan Sharpened Natural Color,1,3,FALSE
R6C1,1d1878ee,88e64c47c794a0c1895c97e61d1878ee,WV03_VNIR,10/6/2024,Pan Sharpened Natural Color,1,3,FALSE
R6C2,1d1878ee,88e64c47c794a0c1895c97e61d1878ee,WV03_VNIR,10/6/2024,Pan Sharpened Natural Color,1,3,FALSE
R6C3,1d1878ee,88e64c47c794a0c1895c97e61d1878ee,WV03_VNIR,10/6/2024,Pan Sharpened Natural Color,1,3,FALSE
R6C4,1d1878ee,88e64c47c794a0c1895c97e61d1878ee,WV03_VNIR,10/6/2024,Pan Sharpened Natural Color,1,3,FALSE
R7C1,1d1878ee,88e64c47c794a0c1895c97e61d1878ee,WV03_VNIR,10/6/2024,Pan Sharpened Natural Color,1,3,FALSE
R7C2,1d1878ee,88e64c47c794a0c1895c97e61d1878ee,WV03_VNIR,10/6/2024,Pan Sharpened Natural Color,1,3,FALSE
R7C3,1d1878ee,88e64c47c794a0c1895c97e61d1878ee,WV03_VNIR,10/6/2024,Pan Sharpened Natural Color,1,3,FALSE
R7C4,1d1878ee,88e64c47c794a0c1895c97e61d1878ee,WV03_VNIR,10/6/2024,Pan Sharpened Natural Color,1,3,FALSE
R8C1,1d1878ee,88e64c47c794a0c1895c97e61d1878ee,WV03_VNIR,10/6/2024,Pan Sharpened Natural Color,1,3,FALSE
R8C2,1d1878ee,88e64c47c794a0c1895c97e61d1878ee,WV03_VNIR,10/6/2024,Pan Sharpened Natural Color,1,3,FALSE
R8C3,1d1878ee,88e64c47c794a0c1895c97e61d1878ee,WV03_VNIR,10/6/2024,Pan Sharpened Natural Color,1,3,FALSE
R8C4,1d1878ee,88e64c47c794a0c1895c97e61d1878ee,WV03_VNIR,10/6/2024,Pan Sharpened Natural Color,1,3,FALSE
R9C1,1d1878ee,88e64c47c794a0c1895c97e61d1878ee,WV03_VNIR,10/6/2024,Pan Sharpened Natural Color,1,3,FALSE
R9C2,1d1878ee,88e64c47c794a0c1895c97e61d1878ee,WV03_VNIR,10/6/2024,Pan Sharpened Natural Color,1,3,FALSE
R9C3,1d1878ee,88e64c47c794a0c1895c97e61d1878ee,WV03_VNIR,10/6/2024,Pan Sharpened Natural Color,1,3,FALSE
R9C4,1d1878ee,88e64c47c794a0c1895c97e61d1878ee,WV03_VNIR,10/6/2024,Pan Sharpened Natural Color,1,3,FALSE
R10C2,1d710617,2a5dc02cd398a96338aadf991d710617,GE01,6/9/2024,Pan Sharpened Natural Color,1,2,FALSE
R10C3,1d710617,2a5dc02cd398a96338aadf991d710617,GE01,6/9/2024,Pan Sharpened Natural Color,1,2,FALSE
R11C2,1d710617,2a5dc02cd398a96338aadf991d710617,GE01,6/9/2024,Pan Sharpened Natural Color,1,2,FALSE
R11C3,1d710617,2a5dc02cd398a96338aadf991d710617,GE01,6/9/2024,Pan Sharpened Natural Color,1,2,FALSE
R12C1,1d710617,2a5dc02cd398a96338aadf991d710617,GE01,6/9/2024,Pan Sharpened Natural Color,1,2,FALSE
R12C2,1d710617,2a5dc02cd398a96338aadf991d710617,GE01,6/9/2024,Pan Sharpened Natural Color,1,2,FALSE
R12C3,1d710617,2a5dc02cd398a96338aadf991d710617,GE01,6/9/2024,Pan Sharpened Natural Color,1,2,FALSE
R13C1,1d710617,2a5dc02cd398a96338aadf991d710617,GE01,6/9/2024,Pan Sharpened Natural Color,1,2,FALSE
R13C2,1d710617,2a5dc02cd398a96338aadf991d710617,GE01,6/9/2024,Pan Sharpened Natural Color,1,2,FALSE
R13C3,1d710617,2a5dc02cd398a96338aadf991d710617,GE01,6/9/2024,Pan Sharpened Natural Color,1,2,FALSE
R14C1,1d710617,2a5dc02cd398a96338aadf991d710617,GE01,6/9/2024,Pan Sharpened Natural Color,1,2,FALSE
R14C2,1d710617,2a5dc02cd398a96338aadf991d710617,GE01,6/9/2024,Pan Sharpened Natural Color,1,2,FALSE
R14C3,1d710617,2a5dc02cd398a96338aadf991d710617,GE01,6/9/2024,Pan Sharpened Natural Color,1,2,FALSE
R15C1,1d710617,2a5dc02cd398a96338aadf991d710617,GE01,6/9/2024,Pan Sharpened Natural Color,1,2,FALSE
R15C2,1d710617,2a5dc02cd398a96338aadf991d710617,GE01,6/9/2024,Pan Sharpened Natural Color,1,2,FALSE
R15C3,1d710617,2a5dc02cd398a96338aadf991d710617,GE01,6/9/2024,Pan Sharpened Natural Color,1,2,FALSE
R16C1,1d710617,2a5dc02cd398a96338aadf991d710617,GE01,6/9/2024,Pan Sharpened Natural Color,1,2,FALSE
R16C2,1d710617,2a5dc02cd398a96338aadf991d710617,GE01,6/9/2024,Pan Sharpened Natural Color,1,2,FALSE
R16C3,1d710617,2a5dc02cd398a96338aadf991d710617,GE01,6/9/2024,Pan Sharpened Natural Color,1,2,FALSE
R17C1,1d710617,2a5dc02cd398a96338aadf991d710617,GE01,6/9/2024,Pan Sharpened Natural Color,1,2,TRUE
R17C2,1d710617,2a5dc02cd398a96338aadf991d710617,GE01,6/9/2024,Pan Sharpened Natural Color,1,2,FALSE
R17C3,1d710617,2a5dc02cd398a96338aadf991d710617,GE01,6/9/2024,Pan Sharpened Natural Color,1,2,FALSE
R18C1,1d710617,2a5dc02cd398a96338aadf991d710617,GE01,6/9/2024,Pan Sharpened Natural Color,1,2,TRUE
R18C2,1d710617,2a5dc02cd398a96338aadf991d710617,GE01,6/9/2024,Pan Sharpened Natural Color,1,2,FALSE
R18C3,1d710617,2a5dc02cd398a96338aadf991d710617,GE01,6/9/2024,Pan Sharpened Natural Color,1,2,FALSE
R9C3,1d710617,2a5dc02cd398a96338aadf991d710617,GE01,6/9/2024,Pan Sharpened Natural Color,1,2,FALSE
R15C1,3d87291b,ff1a51b603465e190f686b923d87291b,WV02,7/13/2024,Pan Sharpened Natural Color,2,2,FALSE
R15C2,3d87291b,ff1a51b603465e190f686b923d87291b,WV02,7/13/2024,Pan Sharpened Natural Color,2,2,TRUE
R15C3,3d87291b,ff1a51b603465e190f686b923d87291b,WV02,7/13/2024,Pan Sharpened Natural Color,2,2,TRUE
R1C1,3d87291b,ff1a51b603465e190f686b923d87291b,WV02,7/13/2024,Pan Sharpened Natural Color,2,2,FALSE
R1C2,3d87291b,ff1a51b603465e190f686b923d87291b,WV02,7/13/2024,Pan Sharpened Natural Color,2,2,FALSE
R1C3,3d87291b,ff1a51b603465e190f686b923d87291b,WV02,7/13/2024,Pan Sharpened Natural Color,2,2,FALSE
R2C1,3d87291b,ff1a51b603465e190f686b923d87291b,WV02,7/13/2024,Pan Sharpened Natural Color,2,2,FALSE
R2C2,3d87291b,ff1a51b603465e190f686b923d87291b,WV02,7/13/2024,Pan Sharpened Natural Color,2,2,FALSE
R2C3,3d87291b,ff1a51b603465e190f686b923d87291b,WV02,7/13/2024,Pan Sharpened Natural Color,2,2,FALSE
R3C1,3d87291b,ff1a51b603465e190f686b923d87291b,WV02,7/13/2024,Pan Sharpened Natural Color,2,2,FALSE
R3C2,3d87291b,ff1a51b603465e190f686b923d87291b,WV02,7/13/2024,Pan Sharpened Natural Color,2,2,FALSE
R3C3,3d87291b,ff1a51b603465e190f686b923d87291b,WV02,7/13/2024,Pan Sharpened Natural Color,2,2,FALSE
R4C1,3d87291b,ff1a51b603465e190f686b923d87291b,WV02,7/13/2024,Pan Sharpened Natural Color,2,2,FALSE
R4C2,3d87291b,ff1a51b603465e190f686b923d87291b,WV02,7/13/2024,Pan Sharpened Natural Color,2,2,FALSE
R4C3,3d87291b,ff1a51b603465e190f686b923d87291b,WV02,7/13/2024,Pan Sharpened Natural Color,2,2,FALSE
R5C1,3d87291b,ff1a51b603465e190f686b923d87291b,WV02,7/13/2024,Pan Sharpened Natural Color,2,2,FALSE
R5C2,3d87291b,ff1a51b603465e190f686b923d87291b,WV02,7/13/2024,Pan Sharpened Natural Color,2,2,FALSE
R5C3,3d87291b,ff1a51b603465e190f686b923d87291b,WV02,7/13/2024,Pan Sharpened Natural Color,2,2,FALSE
R6C1,3d87291b,ff1a51b603465e190f686b923d87291b,WV02,7/13/2024,Pan Sharpened Natural Color,2,2,FALSE
R6C2,3d87291b,ff1a51b603465e190f686b923d87291b,WV02,7/13/2024,Pan Sharpened Natural Color,2,2,FALSE
R6C3,3d87291b,ff1a51b603465e190f686b923d87291b,WV02,7/13/2024,Pan Sharpened Natural Color,2,2,FALSE
R7C1,3d87291b,ff1a51b603465e190f686b923d87291b,WV02,7/13/2024,Pan Sharpened Natural Color,2,2,FALSE
R7C2,3d87291b,ff1a51b603465e190f686b923d87291b,WV02,7/13/2024,Pan Sharpened Natural Color,2,2,FALSE
R7C3,3d87291b,ff1a51b603465e190f686b923d87291b,WV02,7/13/2024,Pan Sharpened Natural Color,2,2,FALSE
R10C1,4573eaa6,4680a027c4a29fbe00c6ae5d4573eaa6,GE01,5/29/2024,Pan Sharpened Natural Color,1,3,FALSE
R10C2,4573eaa6,4680a027c4a29fbe00c6ae5d4573eaa6,GE01,5/29/2024,Pan Sharpened Natural Color,1,3,FALSE
R10C3,4573eaa6,4680a027c4a29fbe00c6ae5d4573eaa6,GE01,5/29/2024,Pan Sharpened Natural Color,1,3,FALSE
R11C1,4573eaa6,4680a027c4a29fbe00c6ae5d4573eaa6,GE01,5/29/2024,Pan Sharpened Natural Color,1,3,FALSE
R11C2,4573eaa6,4680a027c4a29fbe00c6ae5d4573eaa6,GE01,5/29/2024,Pan Sharpened Natural Color,1,3,FALSE
R11C3,4573eaa6,4680a027c4a29fbe00c6ae5d4573eaa6,GE01,5/29/2024,Pan Sharpened Natural Color,1,3,FALSE
R12C1,4573eaa6,4680a027c4a29fbe00c6ae5d4573eaa6,GE01,5/29/2024,Pan Sharpened Natural Color,1,3,FALSE
R12C2,4573eaa6,4680a027c4a29fbe00c6ae5d4573eaa6,GE01,5/29/2024,Pan Sharpened Natural Color,1,3,FALSE
R12C3,4573eaa6,4680a027c4a29fbe00c6ae5d4573eaa6,GE01,5/29/2024,Pan Sharpened Natural Color,1,3,FALSE
R13C1,4573eaa6,4680a027c4a29fbe00c6ae5d4573eaa6,GE01,5/29/2024,Pan Sharpened Natural Color,1,3,FALSE
R13C2,4573eaa6,4680a027c4a29fbe00c6ae5d4573eaa6,GE01,5/29/2024,Pan Sharpened Natural Color,1,3,FALSE
R13C3,4573eaa6,4680a027c4a29fbe00c6ae5d4573eaa6,GE01,5/29/2024,Pan Sharpened Natural Color,1,3,FALSE
R14C1,4573eaa6,4680a027c4a29fbe00c6ae5d4573eaa6,GE01,5/29/2024,Pan Sharpened Natural Color,1,3,FALSE
R14C2,4573eaa6,4680a027c4a29fbe00c6ae5d4573eaa6,GE01,5/29/2024,Pan Sharpened Natural Color,1,3,FALSE
R14C3,4573eaa6,4680a027c4a29fbe00c6ae5d4573eaa6,GE01,5/29/2024,Pan Sharpened Natural Color,1,3,FALSE
R15C1,4573eaa6,4680a027c4a29fbe00c6ae5d4573eaa6,GE01,5/29/2024,Pan Sharpened Natural Color,1,3,FALSE
R15C2,4573eaa6,4680a027c4a29fbe00c6ae5d4573eaa6,GE01,5/29/2024,Pan Sharpened Natural Color,1,3,FALSE
R15C3,4573eaa6,4680a027c4a29fbe00c6ae5d4573eaa6,GE01,5/29/2024,Pan Sharpened Natural Color,1,3,FALSE
R16C1,4573eaa6,4680a027c4a29fbe00c6ae5d4573eaa6,GE01,5/29/2024,Pan Sharpened Natural Color,1,3,FALSE
R16C2,4573eaa6,4680a027c4a29fbe00c6ae5d4573eaa6,GE01,5/29/2024,Pan Sharpened Natural Color,1,3,FALSE
R16C3,4573eaa6,4680a027c4a29fbe00c6ae5d4573eaa6,GE01,5/29/2024,Pan Sharpened Natural Color,1,3,FALSE
R4C3,4573eaa6,4680a027c4a29fbe00c6ae5d4573eaa6,GE01,5/29/2024,Pan Sharpened Natural Color,1,3,FALSE
R5C1,4573eaa6,4680a027c4a29fbe00c6ae5d4573eaa6,GE01,5/29/2024,Pan Sharpened Natural Color,1,3,FALSE
R5C2,4573eaa6,4680a027c4a29fbe00c6ae5d4573eaa6,GE01,5/29/2024,Pan Sharpened Natural Color,1,3,FALSE
R5C3,4573eaa6,4680a027c4a29fbe00c6ae5d4573eaa6,GE01,5/29/2024,Pan Sharpened Natural Color,1,3,FALSE
R6C1,4573eaa6,4680a027c4a29fbe00c6ae5d4573eaa6,GE01,5/29/2024,Pan Sharpened Natural Color,1,3,FALSE
R6C2,4573eaa6,4680a027c4a29fbe00c6ae5d4573eaa6,GE01,5/29/2024,Pan Sharpened Natural Color,1,3,FALSE
R6C3,4573eaa6,4680a027c4a29fbe00c6ae5d4573eaa6,GE01,5/29/2024,Pan Sharpened Natural Color,1,3,FALSE
R7C1,4573eaa6,4680a027c4a29fbe00c6ae5d4573eaa6,GE01,5/29/2024,Pan Sharpened Natural Color,1,3,FALSE
R7C2,4573eaa6,4680a027c4a29fbe00c6ae5d4573eaa6,GE01,5/29/2024,Pan Sharpened Natural Color,1,3,FALSE
R7C3,4573eaa6,4680a027c4a29fbe00c6ae5d4573eaa6,GE01,5/29/2024,Pan Sharpened Natural Color,1,3,FALSE
R8C1,4573eaa6,4680a027c4a29fbe00c6ae5d4573eaa6,GE01,5/29/2024,Pan Sharpened Natural Color,1,3,FALSE
R8C2,4573eaa6,4680a027c4a29fbe00c6ae5d4573eaa6,GE01,5/29/2024,Pan Sharpened Natural Color,1,3,FALSE
R8C3,4573eaa6,4680a027c4a29fbe00c6ae5d4573eaa6,GE01,5/29/2024,Pan Sharpened Natural Color,1,3,FALSE
R9C1,4573eaa6,4680a027c4a29fbe00c6ae5d4573eaa6,GE01,5/29/2024,Pan Sharpened Natural Color,1,3,FALSE
R9C2,4573eaa6,4680a027c4a29fbe00c6ae5d4573eaa6,GE01,5/29/2024,Pan Sharpened Natural Color,1,3,FALSE
R9C3,4573eaa6,4680a027c4a29fbe00c6ae5d4573eaa6,GE01,5/29/2024,Pan Sharpened Natural Color,1,3,FALSE
R15C2,458ac37e,a5fd5302c744f0db9f290b87458ac37e,GE01,7/4/2024,Pan Sharpened Natural Color,1,1,TRUE
R15C3,458ac37e,a5fd5302c744f0db9f290b87458ac37e,GE01,7/4/2024,Pan Sharpened Natural Color,1,1,FALSE
R16C1,458ac37e,a5fd5302c744f0db9f290b87458ac37e,GE01,7/4/2024,Pan Sharpened Natural Color,1,1,TRUE
R16C2,458ac37e,a5fd5302c744f0db9f290b87458ac37e,GE01,7/4/2024,Pan Sharpened Natural Color,1,1,TRUE
R16C3,458ac37e,a5fd5302c744f0db9f290b87458ac37e,GE01,7/4/2024,Pan Sharpened Natural Color,1,1,FALSE
R14C2,46608787,5b83ee2c3252d0e58342566346608787,WV02,7/13/2024,Pan Sharpened Natural Color,2,2,FALSE
R14C3,46608787,5b83ee2c3252d0e58342566346608787,WV02,7/13/2024,Pan Sharpened Natural Color,2,2,FALSE
R15C1,46608787,5b83ee2c3252d0e58342566346608787,WV02,7/13/2024,Pan Sharpened Natural Color,2,2,FALSE
R15C2,46608787,5b83ee2c3252d0e58342566346608787,WV02,7/13/2024,Pan Sharpened Natural Color,2,2,FALSE
R15C3,46608787,5b83ee2c3252d0e58342566346608787,WV02,7/13/2024,Pan Sharpened Natural Color,2,2,FALSE
R1C1,46608787,5b83ee2c3252d0e58342566346608787,WV02,7/13/2024,Pan Sharpened Natural Color,2,2,TRUE
R1C2,46608787,5b83ee2c3252d0e58342566346608787,WV02,7/13/2024,Pan Sharpened Natural Color,2,2,TRUE
R1C3,46608787,5b83ee2c3252d0e58342566346608787,WV02,7/13/2024,Pan Sharpened Natural Color,2,2,FALSE
R2C1,46608787,5b83ee2c3252d0e58342566346608787,WV02,7/13/2024,Pan Sharpened Natural Color,2,2,FALSE
R2C2,46608787,5b83ee2c3252d0e58342566346608787,WV02,7/13/2024,Pan Sharpened Natural Color,2,2,FALSE
R2C3,46608787,5b83ee2c3252d0e58342566346608787,WV02,7/13/2024,Pan Sharpened Natural Color,2,2,FALSE
R3C1,46608787,5b83ee2c3252d0e58342566346608787,WV02,7/13/2024,Pan Sharpened Natural Color,2,2,FALSE
R3C2,46608787,5b83ee2c3252d0e58342566346608787,WV02,7/13/2024,Pan Sharpened Natural Color,2,2,FALSE
R3C3,46608787,5b83ee2c3252d0e58342566346608787,WV02,7/13/2024,Pan Sharpened Natural Color,2,2,FALSE
R13C1,544ff0ae,4791f1b42b823bc70cd6d129544ff0ae,WV02,7/13/2024,Pan Sharpened Natural Color,2,2,FALSE
R13C2,544ff0ae,4791f1b42b823bc70cd6d129544ff0ae,WV02,7/13/2024,Pan Sharpened Natural Color,2,2,FALSE
R13C3,544ff0ae,4791f1b42b823bc70cd6d129544ff0ae,WV02,7/13/2024,Pan Sharpened Natural Color,2,2,FALSE
R14C1,544ff0ae,4791f1b42b823bc70cd6d129544ff0ae,WV02,7/13/2024,Pan Sharpened Natural Color,2,2,FALSE
R14C2,544ff0ae,4791f1b42b823bc70cd6d129544ff0ae,WV02,7/13/2024,Pan Sharpened Natural Color,2,2,FALSE
R14C3,544ff0ae,4791f1b42b823bc70cd6d129544ff0ae,WV02,7/13/2024,Pan Sharpened Natural Color,2,2,FALSE
R1C1,544ff0ae,4791f1b42b823bc70cd6d129544ff0ae,WV02,7/13/2024,Pan Sharpened Natural Color,2,2,FALSE
R1C2,544ff0ae,4791f1b42b823bc70cd6d129544ff0ae,WV02,7/13/2024,Pan Sharpened Natural Color,2,2,FALSE
R1C3,544ff0ae,4791f1b42b823bc70cd6d129544ff0ae,WV02,7/13/2024,Pan Sharpened Natural Color,2,2,FALSE
R2C1,544ff0ae,4791f1b42b823bc70cd6d129544ff0ae,WV02,7/13/2024,Pan Sharpened Natural Color,2,2,FALSE
R2C2,544ff0ae,4791f1b42b823bc70cd6d129544ff0ae,WV02,7/13/2024,Pan Sharpened Natural Color,2,2,FALSE
R2C3,544ff0ae,4791f1b42b823bc70cd6d129544ff0ae,WV02,7/13/2024,Pan Sharpened Natural Color,2,2,FALSE
R15C2,5805ca5b,ea45bad3b827ec6b7235624f5805ca5b,GE01,7/4/2024,Pan Sharpened Natural Color,1,1,FALSE
R15C3,5805ca5b,ea45bad3b827ec6b7235624f5805ca5b,GE01,7/4/2024,Pan Sharpened Natural Color,1,1,FALSE
R16C1,5805ca5b,ea45bad3b827ec6b7235624f5805ca5b,GE01,7/4/2024,Pan Sharpened Natural Color,1,1,FALSE
R16C2,5805ca5b,ea45bad3b827ec6b7235624f5805ca5b,GE01,7/4/2024,Pan Sharpened Natural Color,1,1,FALSE
R16C3,5805ca5b,ea45bad3b827ec6b7235624f5805ca5b,GE01,7/4/2024,Pan Sharpened Natural Color,1,1,FALSE
R17C1,5805ca5b,ea45bad3b827ec6b7235624f5805ca5b,GE01,7/4/2024,Pan Sharpened Natural Color,1,1,FALSE
R17C2,5805ca5b,ea45bad3b827ec6b7235624f5805ca5b,GE01,7/4/2024,Pan Sharpened Natural Color,1,1,FALSE
R17C3,5805ca5b,ea45bad3b827ec6b7235624f5805ca5b,GE01,7/4/2024,Pan Sharpened Natural Color,1,1,FALSE
R1C1,6f42499b,c784a6d554c99c73f9a1cfb96f42499b,GE01,7/20/2024,Pan Sharpened Natural Color,3,2,FALSE
R1C2,6f42499b,c784a6d554c99c73f9a1cfb96f42499b,GE01,7/20/2024,Pan Sharpened Natural Color,3,2,FALSE
R1C3,6f42499b,c784a6d554c99c73f9a1cfb96f42499b,GE01,7/20/2024,Pan Sharpened Natural Color,3,2,FALSE
R2C1,6f42499b,c784a6d554c99c73f9a1cfb96f42499b,GE01,7/20/2024,Pan Sharpened Natural Color,3,2,FALSE
R2C2,6f42499b,c784a6d554c99c73f9a1cfb96f42499b,GE01,7/20/2024,Pan Sharpened Natural Color,3,2,FALSE
R2C3,6f42499b,c784a6d554c99c73f9a1cfb96f42499b,GE01,7/20/2024,Pan Sharpened Natural Color,3,2,FALSE
R3C1,6f42499b,c784a6d554c99c73f9a1cfb96f42499b,GE01,7/20/2024,Pan Sharpened Natural Color,3,2,FALSE
R3C2,6f42499b,c784a6d554c99c73f9a1cfb96f42499b,GE01,7/20/2024,Pan Sharpened Natural Color,3,2,FALSE
R3C3,6f42499b,c784a6d554c99c73f9a1cfb96f42499b,GE01,7/20/2024,Pan Sharpened Natural Color,3,2,FALSE
R4C1,6f42499b,c784a6d554c99c73f9a1cfb96f42499b,GE01,7/20/2024,Pan Sharpened Natural Color,3,2,FALSE
R4C2,6f42499b,c784a6d554c99c73f9a1cfb96f42499b,GE01,7/20/2024,Pan Sharpened Natural Color,3,2,FALSE
R4C3,6f42499b,c784a6d554c99c73f9a1cfb96f42499b,GE01,7/20/2024,Pan Sharpened Natural Color,3,2,FALSE
R5C1,6f42499b,c784a6d554c99c73f9a1cfb96f42499b,GE01,7/20/2024,Pan Sharpened Natural Color,3,2,FALSE
R5C2,6f42499b,c784a6d554c99c73f9a1cfb96f42499b,GE01,7/20/2024,Pan Sharpened Natural Color,3,2,FALSE
R5C3,6f42499b,c784a6d554c99c73f9a1cfb96f42499b,GE01,7/20/2024,Pan Sharpened Natural Color,3,2,FALSE
R6C2,6f42499b,c784a6d554c99c73f9a1cfb96f42499b,GE01,7/20/2024,Pan Sharpened Natural Color,3,2,FALSE
R6C3,6f42499b,c784a6d554c99c73f9a1cfb96f42499b,GE01,7/20/2024,Pan Sharpened Natural Color,3,2,FALSE
R1C3,722d6338,b67f8ab7596ac94af6211fac722d6338,WV02,8/18/2024,Pan Sharpened Natural Color,3,2,FALSE
R2C2,722d6338,b67f8ab7596ac94af6211fac722d6338,WV02,8/18/2024,Pan Sharpened Natural Color,3,2,FALSE
R2C3,722d6338,b67f8ab7596ac94af6211fac722d6338,WV02,8/18/2024,Pan Sharpened Natural Color,3,2,FALSE
R3C2,722d6338,b67f8ab7596ac94af6211fac722d6338,WV02,8/18/2024,Pan Sharpened Natural Color,3,2,FALSE
R3C3,722d6338,b67f8ab7596ac94af6211fac722d6338,WV02,8/18/2024,Pan Sharpened Natural Color,3,2,FALSE
R4C2,722d6338,b67f8ab7596ac94af6211fac722d6338,WV02,8/18/2024,Pan Sharpened Natural Color,3,2,FALSE
R4C3,722d6338,b67f8ab7596ac94af6211fac722d6338,WV02,8/18/2024,Pan Sharpened Natural Color,3,2,FALSE
R5C2,722d6338,b67f8ab7596ac94af6211fac722d6338,WV02,8/18/2024,Pan Sharpened Natural Color,3,2,FALSE
R5C3,722d6338,b67f8ab7596ac94af6211fac722d6338,WV02,8/18/2024,Pan Sharpened Natural Color,3,2,FALSE
R14C1,75485d2c,8d4d018661acd528f4d26d6d75485d2c,WV02,7/13/2024,Pan Sharpened Natural Color,2,2,TRUE
R15C1,75485d2c,8d4d018661acd528f4d26d6d75485d2c,WV02,7/13/2024,Pan Sharpened Natural Color,2,2,TRUE
R15C2,75485d2c,8d4d018661acd528f4d26d6d75485d2c,WV02,7/13/2024,Pan Sharpened Natural Color,2,2,TRUE
R15C3,75485d2c,8d4d018661acd528f4d26d6d75485d2c,WV02,7/13/2024,Pan Sharpened Natural Color,2,2,TRUE
R1C1,75485d2c,8d4d018661acd528f4d26d6d75485d2c,WV02,7/13/2024,Pan Sharpened Natural Color,2,2,FALSE
R1C2,75485d2c,8d4d018661acd528f4d26d6d75485d2c,WV02,7/13/2024,Pan Sharpened Natural Color,2,2,FALSE
R1C3,75485d2c,8d4d018661acd528f4d26d6d75485d2c,WV02,7/13/2024,Pan Sharpened Natural Color,2,2,FALSE
R2C1,75485d2c,8d4d018661acd528f4d26d6d75485d2c,WV02,7/13/2024,Pan Sharpened Natural Color,2,2,FALSE
R2C2,75485d2c,8d4d018661acd528f4d26d6d75485d2c,WV02,7/13/2024,Pan Sharpened Natural Color,2,2,FALSE
R2C3,75485d2c,8d4d018661acd528f4d26d6d75485d2c,WV02,7/13/2024,Pan Sharpened Natural Color,2,2,FALSE
R3C1,75485d2c,8d4d018661acd528f4d26d6d75485d2c,WV02,7/13/2024,Pan Sharpened Natural Color,2,2,FALSE
R3C2,75485d2c,8d4d018661acd528f4d26d6d75485d2c,WV02,7/13/2024,Pan Sharpened Natural Color,2,2,FALSE
R3C3,75485d2c,8d4d018661acd528f4d26d6d75485d2c,WV02,7/13/2024,Pan Sharpened Natural Color,2,2,FALSE
R4C1,75485d2c,8d4d018661acd528f4d26d6d75485d2c,WV02,7/13/2024,Pan Sharpened Natural Color,2,2,FALSE
R4C2,75485d2c,8d4d018661acd528f4d26d6d75485d2c,WV02,7/13/2024,Pan Sharpened Natural Color,2,2,FALSE
R4C3,75485d2c,8d4d018661acd528f4d26d6d75485d2c,WV02,7/13/2024,Pan Sharpened Natural Color,2,2,FALSE
R5C1,75485d2c,8d4d018661acd528f4d26d6d75485d2c,WV02,7/13/2024,Pan Sharpened Natural Color,2,2,FALSE
R5C2,75485d2c,8d4d018661acd528f4d26d6d75485d2c,WV02,7/13/2024,Pan Sharpened Natural Color,2,2,FALSE
R5C3,75485d2c,8d4d018661acd528f4d26d6d75485d2c,WV02,7/13/2024,Pan Sharpened Natural Color,2,2,FALSE
R6C1,75485d2c,8d4d018661acd528f4d26d6d75485d2c,WV02,7/13/2024,Pan Sharpened Natural Color,2,2,FALSE
R6C2,75485d2c,8d4d018661acd528f4d26d6d75485d2c,WV02,7/13/2024,Pan Sharpened Natural Color,2,2,FALSE
R6C3,75485d2c,8d4d018661acd528f4d26d6d75485d2c,WV02,7/13/2024,Pan Sharpened Natural Color,2,2,FALSE
R7C1,75485d2c,8d4d018661acd528f4d26d6d75485d2c,WV02,7/13/2024,Pan Sharpened Natural Color,2,2,FALSE
R7C2,75485d2c,8d4d018661acd528f4d26d6d75485d2c,WV02,7/13/2024,Pan Sharpened Natural Color,2,2,FALSE
R7C3,75485d2c,8d4d018661acd528f4d26d6d75485d2c,WV02,7/13/2024,Pan Sharpened Natural Color,2,2,FALSE
R1C1,7a5950c7,f99ab230a86310404a1176677a5950c7,WV02,8/21/2024,Pan Sharpened Natural Color,2,1,FALSE
R1C2,7a5950c7,f99ab230a86310404a1176677a5950c7,WV02,8/21/2024,Pan Sharpened Natural Color,2,1,FALSE
R1C3,7a5950c7,f99ab230a86310404a1176677a5950c7,WV02,8/21/2024,Pan Sharpened Natural Color,2,1,FALSE
R2C1,7a5950c7,f99ab230a86310404a1176677a5950c7,WV02,8/21/2024,Pan Sharpened Natural Color,2,1,FALSE
R2C2,7a5950c7,f99ab230a86310404a1176677a5950c7,WV02,8/21/2024,Pan Sharpened Natural Color,2,1,FALSE
R2C3,7a5950c7,f99ab230a86310404a1176677a5950c7,WV02,8/21/2024,Pan Sharpened Natural Color,2,1,FALSE
R3C1,7a5950c7,f99ab230a86310404a1176677a5950c7,WV02,8/21/2024,Pan Sharpened Natural Color,2,1,FALSE
R4C1,7a5950c7,f99ab230a86310404a1176677a5950c7,WV02,8/21/2024,Pan Sharpened Natural Color,2,1,FALSE
R5C1,7a5950c7,f99ab230a86310404a1176677a5950c7,WV02,8/21/2024,Pan Sharpened Natural Color,2,1,FALSE
R6C1,7a5950c7,f99ab230a86310404a1176677a5950c7,WV02,8/21/2024,Pan Sharpened Natural Color,2,1,FALSE
R7C1,7a5950c7,f99ab230a86310404a1176677a5950c7,WV02,8/21/2024,Pan Sharpened Natural Color,2,1,TRUE
R8C1,7a5950c7,f99ab230a86310404a1176677a5950c7,WV02,8/21/2024,Pan Sharpened Natural Color,2,1,TRUE
R1C1,8f05b7dd,110ad9d30d8237c7c3ec2f018f05b7dd,WV02,12/6/2023,Pan Sharpened Natural Color,2,3,TRUE
R1C2,8f05b7dd,110ad9d30d8237c7c3ec2f018f05b7dd,WV02,12/6/2023,Pan Sharpened Natural Color,2,3,TRUE
R2C1,8f05b7dd,110ad9d30d8237c7c3ec2f018f05b7dd,WV02,12/6/2023,Pan Sharpened Natural Color,2,3,TRUE
R2C2,8f05b7dd,110ad9d30d8237c7c3ec2f018f05b7dd,WV02,12/6/2023,Pan Sharpened Natural Color,2,3,TRUE
R3C1,8f05b7dd,110ad9d30d8237c7c3ec2f018f05b7dd,WV02,12/6/2023,Pan Sharpened Natural Color,2,3,TRUE
R3C2,8f05b7dd,110ad9d30d8237c7c3ec2f018f05b7dd,WV02,12/6/2023,Pan Sharpened Natural Color,2,3,TRUE
R4C1,8f05b7dd,110ad9d30d8237c7c3ec2f018f05b7dd,WV02,12/6/2023,Pan Sharpened Natural Color,2,3,TRUE
R4C2,8f05b7dd,110ad9d30d8237c7c3ec2f018f05b7dd,WV02,12/6/2023,Pan Sharpened Natural Color,2,3,TRUE
R10C1,91b4f1ff,f54662a5042a12d972cacbc391b4f1ff,GE01,6/6/2024,Pan Sharpened Natural Color,1,2,FALSE
R10C2,91b4f1ff,f54662a5042a12d972cacbc391b4f1ff,GE01,6/6/2024,Pan Sharpened Natural Color,1,2,FALSE
R10C3,91b4f1ff,f54662a5042a12d972cacbc391b4f1ff,GE01,6/6/2024,Pan Sharpened Natural Color,1,2,FALSE
R11C1,91b4f1ff,f54662a5042a12d972cacbc391b4f1ff,GE01,6/6/2024,Pan Sharpened Natural Color,1,2,FALSE
R11C2,91b4f1ff,f54662a5042a12d972cacbc391b4f1ff,GE01,6/6/2024,Pan Sharpened Natural Color,1,2,FALSE
R11C3,91b4f1ff,f54662a5042a12d972cacbc391b4f1ff,GE01,6/6/2024,Pan Sharpened Natural Color,1,2,FALSE
R12C1,91b4f1ff,f54662a5042a12d972cacbc391b4f1ff,GE01,6/6/2024,Pan Sharpened Natural Color,1,2,FALSE
R12C2,91b4f1ff,f54662a5042a12d972cacbc391b4f1ff,GE01,6/6/2024,Pan Sharpened Natural Color,1,2,FALSE
R12C3,91b4f1ff,f54662a5042a12d972cacbc391b4f1ff,GE01,6/6/2024,Pan Sharpened Natural Color,1,2,FALSE
R13C1,91b4f1ff,f54662a5042a12d972cacbc391b4f1ff,GE01,6/6/2024,Pan Sharpened Natural Color,1,2,FALSE
R13C2,91b4f1ff,f54662a5042a12d972cacbc391b4f1ff,GE01,6/6/2024,Pan Sharpened Natural Color,1,2,FALSE
R13C3,91b4f1ff,f54662a5042a12d972cacbc391b4f1ff,GE01,6/6/2024,Pan Sharpened Natural Color,1,2,FALSE
R14C1,91b4f1ff,f54662a5042a12d972cacbc391b4f1ff,GE01,6/6/2024,Pan Sharpened Natural Color,1,2,FALSE
R14C2,91b4f1ff,f54662a5042a12d972cacbc391b4f1ff,GE01,6/6/2024,Pan Sharpened Natural Color,1,2,FALSE
R14C3,91b4f1ff,f54662a5042a12d972cacbc391b4f1ff,GE01,6/6/2024,Pan Sharpened Natural Color,1,2,FALSE
R15C1,91b4f1ff,f54662a5042a12d972cacbc391b4f1ff,GE01,6/6/2024,Pan Sharpened Natural Color,1,2,FALSE
R15C2,91b4f1ff,f54662a5042a12d972cacbc391b4f1ff,GE01,6/6/2024,Pan Sharpened Natural Color,1,2,FALSE
R15C3,91b4f1ff,f54662a5042a12d972cacbc391b4f1ff,GE01,6/6/2024,Pan Sharpened Natural Color,1,2,FALSE
R16C1,91b4f1ff,f54662a5042a12d972cacbc391b4f1ff,GE01,6/6/2024,Pan Sharpened Natural Color,1,2,FALSE
R16C2,91b4f1ff,f54662a5042a12d972cacbc391b4f1ff,GE01,6/6/2024,Pan Sharpened Natural Color,1,2,FALSE
R16C3,91b4f1ff,f54662a5042a12d972cacbc391b4f1ff,GE01,6/6/2024,Pan Sharpened Natural Color,1,2,FALSE
R7C2,91b4f1ff,f54662a5042a12d972cacbc391b4f1ff,GE01,6/6/2024,Pan Sharpened Natural Color,1,2,FALSE
R7C3,91b4f1ff,f54662a5042a12d972cacbc391b4f1ff,GE01,6/6/2024,Pan Sharpened Natural Color,1,2,FALSE
R8C1,91b4f1ff,f54662a5042a12d972cacbc391b4f1ff,GE01,6/6/2024,Pan Sharpened Natural Color,1,2,FALSE
R8C2,91b4f1ff,f54662a5042a12d972cacbc391b4f1ff,GE01,6/6/2024,Pan Sharpened Natural Color,1,2,FALSE
R8C3,91b4f1ff,f54662a5042a12d972cacbc391b4f1ff,GE01,6/6/2024,Pan Sharpened Natural Color,1,2,FALSE
R9C1,91b4f1ff,f54662a5042a12d972cacbc391b4f1ff,GE01,6/6/2024,Pan Sharpened Natural Color,1,2,FALSE
R9C2,91b4f1ff,f54662a5042a12d972cacbc391b4f1ff,GE01,6/6/2024,Pan Sharpened Natural Color,1,2,FALSE
R9C3,91b4f1ff,f54662a5042a12d972cacbc391b4f1ff,GE01,6/6/2024,Pan Sharpened Natural Color,1,2,FALSE
R10C1,96f2f94e,69dbca18aa1b6a9fdd351f6b96f2f94e,WV02,7/13/2024,Pan Sharpened Natural Color,1,3,FALSE
R10C2,96f2f94e,69dbca18aa1b6a9fdd351f6b96f2f94e,WV02,7/13/2024,Pan Sharpened Natural Color,1,3,FALSE
R10C3,96f2f94e,69dbca18aa1b6a9fdd351f6b96f2f94e,WV02,7/13/2024,Pan Sharpened Natural Color,1,3,FALSE
R11C1,96f2f94e,69dbca18aa1b6a9fdd351f6b96f2f94e,WV02,7/13/2024,Pan Sharpened Natural Color,1,3,FALSE
R11C2,96f2f94e,69dbca18aa1b6a9fdd351f6b96f2f94e,WV02,7/13/2024,Pan Sharpened Natural Color,1,3,FALSE
R11C3,96f2f94e,69dbca18aa1b6a9fdd351f6b96f2f94e,WV02,7/13/2024,Pan Sharpened Natural Color,1,3,FALSE
R12C1,96f2f94e,69dbca18aa1b6a9fdd351f6b96f2f94e,WV02,7/13/2024,Pan Sharpened Natural Color,1,3,FALSE
R12C2,96f2f94e,69dbca18aa1b6a9fdd351f6b96f2f94e,WV02,7/13/2024,Pan Sharpened Natural Color,1,3,FALSE
R12C3,96f2f94e,69dbca18aa1b6a9fdd351f6b96f2f94e,WV02,7/13/2024,Pan Sharpened Natural Color,1,3,FALSE
R13C1,96f2f94e,69dbca18aa1b6a9fdd351f6b96f2f94e,WV02,7/13/2024,Pan Sharpened Natural Color,1,3,FALSE
R13C2,96f2f94e,69dbca18aa1b6a9fdd351f6b96f2f94e,WV02,7/13/2024,Pan Sharpened Natural Color,1,3,FALSE
R13C3,96f2f94e,69dbca18aa1b6a9fdd351f6b96f2f94e,WV02,7/13/2024,Pan Sharpened Natural Color,1,3,FALSE
R14C1,96f2f94e,69dbca18aa1b6a9fdd351f6b96f2f94e,WV02,7/13/2024,Pan Sharpened Natural Color,1,3,FALSE
R14C2,96f2f94e,69dbca18aa1b6a9fdd351f6b96f2f94e,WV02,7/13/2024,Pan Sharpened Natural Color,1,3,FALSE
R14C3,96f2f94e,69dbca18aa1b6a9fdd351f6b96f2f94e,WV02,7/13/2024,Pan Sharpened Natural Color,1,3,FALSE
R2C1,96f2f94e,69dbca18aa1b6a9fdd351f6b96f2f94e,WV02,7/13/2024,Pan Sharpened Natural Color,1,3,FALSE
R2C2,96f2f94e,69dbca18aa1b6a9fdd351f6b96f2f94e,WV02,7/13/2024,Pan Sharpened Natural Color,1,3,FALSE
R2C3,96f2f94e,69dbca18aa1b6a9fdd351f6b96f2f94e,WV02,7/13/2024,Pan Sharpened Natural Color,1,3,FALSE
R3C1,96f2f94e,69dbca18aa1b6a9fdd351f6b96f2f94e,WV02,7/13/2024,Pan Sharpened Natural Color,1,3,FALSE
R3C2,96f2f94e,69dbca18aa1b6a9fdd351f6b96f2f94e,WV02,7/13/2024,Pan Sharpened Natural Color,1,3,FALSE
R3C3,96f2f94e,69dbca18aa1b6a9fdd351f6b96f2f94e,WV02,7/13/2024,Pan Sharpened Natural Color,1,3,FALSE
R4C1,96f2f94e,69dbca18aa1b6a9fdd351f6b96f2f94e,WV02,7/13/2024,Pan Sharpened Natural Color,1,3,FALSE
R4C2,96f2f94e,69dbca18aa1b6a9fdd351f6b96f2f94e,WV02,7/13/2024,Pan Sharpened Natural Color,1,3,FALSE
R4C3,96f2f94e,69dbca18aa1b6a9fdd351f6b96f2f94e,WV02,7/13/2024,Pan Sharpened Natural Color,1,3,FALSE
R5C1,96f2f94e,69dbca18aa1b6a9fdd351f6b96f2f94e,WV02,7/13/2024,Pan Sharpened Natural Color,1,3,FALSE
R5C2,96f2f94e,69dbca18aa1b6a9fdd351f6b96f2f94e,WV02,7/13/2024,Pan Sharpened Natural Color,1,3,FALSE
R5C3,96f2f94e,69dbca18aa1b6a9fdd351f6b96f2f94e,WV02,7/13/2024,Pan Sharpened Natural Color,1,3,FALSE
R6C1,96f2f94e,69dbca18aa1b6a9fdd351f6b96f2f94e,WV02,7/13/2024,Pan Sharpened Natural Color,1,3,FALSE
R6C2,96f2f94e,69dbca18aa1b6a9fdd351f6b96f2f94e,WV02,7/13/2024,Pan Sharpened Natural Color,1,3,FALSE
R6C3,96f2f94e,69dbca18aa1b6a9fdd351f6b96f2f94e,WV02,7/13/2024,Pan Sharpened Natural Color,1,3,FALSE
R7C1,96f2f94e,69dbca18aa1b6a9fdd351f6b96f2f94e,WV02,7/13/2024,Pan Sharpened Natural Color,1,3,FALSE
R7C2,96f2f94e,69dbca18aa1b6a9fdd351f6b96f2f94e,WV02,7/13/2024,Pan Sharpened Natural Color,1,3,FALSE
R7C3,96f2f94e,69dbca18aa1b6a9fdd351f6b96f2f94e,WV02,7/13/2024,Pan Sharpened Natural Color,1,3,FALSE
R8C1,96f2f94e,69dbca18aa1b6a9fdd351f6b96f2f94e,WV02,7/13/2024,Pan Sharpened Natural Color,1,3,FALSE
R8C2,96f2f94e,69dbca18aa1b6a9fdd351f6b96f2f94e,WV02,7/13/2024,Pan Sharpened Natural Color,1,3,FALSE
R8C3,96f2f94e,69dbca18aa1b6a9fdd351f6b96f2f94e,WV02,7/13/2024,Pan Sharpened Natural Color,1,3,FALSE
R9C1,96f2f94e,69dbca18aa1b6a9fdd351f6b96f2f94e,WV02,7/13/2024,Pan Sharpened Natural Color,1,3,FALSE
R9C2,96f2f94e,69dbca18aa1b6a9fdd351f6b96f2f94e,WV02,7/13/2024,Pan Sharpened Natural Color,1,3,FALSE
R9C3,96f2f94e,69dbca18aa1b6a9fdd351f6b96f2f94e,WV02,7/13/2024,Pan Sharpened Natural Color,1,3,FALSE
R10C1,97d3e907,8d6d70e0e6912591da29657e97d3e907,WV02,4/26/2024,Pan Sharpened Natural Color,1,2,TRUE
R10C2,97d3e907,8d6d70e0e6912591da29657e97d3e907,WV02,4/26/2024,Pan Sharpened Natural Color,1,2,TRUE
R11C1,97d3e907,8d6d70e0e6912591da29657e97d3e907,WV02,4/26/2024,Pan Sharpened Natural Color,1,2,TRUE
R11C2,97d3e907,8d6d70e0e6912591da29657e97d3e907,WV02,4/26/2024,Pan Sharpened Natural Color,1,2,TRUE
R12C1,97d3e907,8d6d70e0e6912591da29657e97d3e907,WV02,4/26/2024,Pan Sharpened Natural Color,1,2,TRUE
R12C2,97d3e907,8d6d70e0e6912591da29657e97d3e907,WV02,4/26/2024,Pan Sharpened Natural Color,1,2,TRUE
R12C3,97d3e907,8d6d70e0e6912591da29657e97d3e907,WV02,4/26/2024,Pan Sharpened Natural Color,1,2,TRUE
R13C1,97d3e907,8d6d70e0e6912591da29657e97d3e907,WV02,4/26/2024,Pan Sharpened Natural Color,1,2,TRUE
R13C2,97d3e907,8d6d70e0e6912591da29657e97d3e907,WV02,4/26/2024,Pan Sharpened Natural Color,1,2,TRUE
R13C3,97d3e907,8d6d70e0e6912591da29657e97d3e907,WV02,4/26/2024,Pan Sharpened Natural Color,1,2,TRUE
R14C1,97d3e907,8d6d70e0e6912591da29657e97d3e907,WV02,4/26/2024,Pan Sharpened Natural Color,1,2,FALSE
R14C2,97d3e907,8d6d70e0e6912591da29657e97d3e907,WV02,4/26/2024,Pan Sharpened Natural Color,1,2,FALSE
R14C3,97d3e907,8d6d70e0e6912591da29657e97d3e907,WV02,4/26/2024,Pan Sharpened Natural Color,1,2,TRUE
R10C1,9aa692c1,ec2dc671b7d44c9d858db0e99aa692c1,WV02,11/20/2023,Pan Sharpened Natural Color,2,3,FALSE
R10C2,9aa692c1,ec2dc671b7d44c9d858db0e99aa692c1,WV02,11/20/2023,Pan Sharpened Natural Color,2,3,FALSE
R10C3,9aa692c1,ec2dc671b7d44c9d858db0e99aa692c1,WV02,11/20/2023,Pan Sharpened Natural Color,2,3,FALSE
R1C1,9aa692c1,ec2dc671b7d44c9d858db0e99aa692c1,WV02,11/20/2023,Pan Sharpened Natural Color,2,3,FALSE
R1C2,9aa692c1,ec2dc671b7d44c9d858db0e99aa692c1,WV02,11/20/2023,Pan Sharpened Natural Color,2,3,FALSE
R1C3,9aa692c1,ec2dc671b7d44c9d858db0e99aa692c1,WV02,11/20/2023,Pan Sharpened Natural Color,2,3,FALSE
R2C1,9aa692c1,ec2dc671b7d44c9d858db0e99aa692c1,WV02,11/20/2023,Pan Sharpened Natural Color,2,3,FALSE
R2C2,9aa692c1,ec2dc671b7d44c9d858db0e99aa692c1,WV02,11/20/2023,Pan Sharpened Natural Color,2,3,FALSE
R2C3,9aa692c1,ec2dc671b7d44c9d858db0e99aa692c1,WV02,11/20/2023,Pan Sharpened Natural Color,2,3,FALSE
R3C1,9aa692c1,ec2dc671b7d44c9d858db0e99aa692c1,WV02,11/20/2023,Pan Sharpened Natural Color,2,3,FALSE
R3C2,9aa692c1,ec2dc671b7d44c9d858db0e99aa692c1,WV02,11/20/2023,Pan Sharpened Natural Color,2,3,FALSE
R3C3,9aa692c1,ec2dc671b7d44c9d858db0e99aa692c1,WV02,11/20/2023,Pan Sharpened Natural Color,2,3,FALSE
R4C1,9aa692c1,ec2dc671b7d44c9d858db0e99aa692c1,WV02,11/20/2023,Pan Sharpened Natural Color,2,3,FALSE
R4C2,9aa692c1,ec2dc671b7d44c9d858db0e99aa692c1,WV02,11/20/2023,Pan Sharpened Natural Color,2,3,FALSE
R4C3,9aa692c1,ec2dc671b7d44c9d858db0e99aa692c1,WV02,11/20/2023,Pan Sharpened Natural Color,2,3,FALSE
R5C1,9aa692c1,ec2dc671b7d44c9d858db0e99aa692c1,WV02,11/20/2023,Pan Sharpened Natural Color,2,3,FALSE
R5C2,9aa692c1,ec2dc671b7d44c9d858db0e99aa692c1,WV02,11/20/2023,Pan Sharpened Natural Color,2,3,FALSE
R5C3,9aa692c1,ec2dc671b7d44c9d858db0e99aa692c1,WV02,11/20/2023,Pan Sharpened Natural Color,2,3,FALSE
R6C1,9aa692c1,ec2dc671b7d44c9d858db0e99aa692c1,WV02,11/20/2023,Pan Sharpened Natural Color,2,3,FALSE
R6C2,9aa692c1,ec2dc671b7d44c9d858db0e99aa692c1,WV02,11/20/2023,Pan Sharpened Natural Color,2,3,FALSE
R6C3,9aa692c1,ec2dc671b7d44c9d858db0e99aa692c1,WV02,11/20/2023,Pan Sharpened Natural Color,2,3,FALSE
R7C1,9aa692c1,ec2dc671b7d44c9d858db0e99aa692c1,WV02,11/20/2023,Pan Sharpened Natural Color,2,3,FALSE
R7C2,9aa692c1,ec2dc671b7d44c9d858db0e99aa692c1,WV02,11/20/2023,Pan Sharpened Natural Color,2,3,FALSE
R7C3,9aa692c1,ec2dc671b7d44c9d858db0e99aa692c1,WV02,11/20/2023,Pan Sharpened Natural Color,2,3,FALSE
R8C1,9aa692c1,ec2dc671b7d44c9d858db0e99aa692c1,WV02,11/20/2023,Pan Sharpened Natural Color,2,3,FALSE
R8C2,9aa692c1,ec2dc671b7d44c9d858db0e99aa692c1,WV02,11/20/2023,Pan Sharpened Natural Color,2,3,FALSE
R8C3,9aa692c1,ec2dc671b7d44c9d858db0e99aa692c1,WV02,11/20/2023,Pan Sharpened Natural Color,2,3,FALSE
R9C1,9aa692c1,ec2dc671b7d44c9d858db0e99aa692c1,WV02,11/20/2023,Pan Sharpened Natural Color,2,3,FALSE
R9C2,9aa692c1,ec2dc671b7d44c9d858db0e99aa692c1,WV02,11/20/2023,Pan Sharpened Natural Color,2,3,FALSE
R9C3,9aa692c1,ec2dc671b7d44c9d858db0e99aa692c1,WV02,11/20/2023,Pan Sharpened Natural Color,2,3,FALSE
R1C1,9edd4910,32cd90de25ab051cbc471d459edd4910,WV02,8/21/2024,Pan Sharpened Natural Color,2,1,TRUE
R1C2,9edd4910,32cd90de25ab051cbc471d459edd4910,WV02,8/21/2024,Pan Sharpened Natural Color,2,1,TRUE
R1C3,9edd4910,32cd90de25ab051cbc471d459edd4910,WV02,8/21/2024,Pan Sharpened Natural Color,2,1,FALSE
R2C1,9edd4910,32cd90de25ab051cbc471d459edd4910,WV02,8/21/2024,Pan Sharpened Natural Color,2,1,TRUE
R2C2,9edd4910,32cd90de25ab051cbc471d459edd4910,WV02,8/21/2024,Pan Sharpened Natural Color,2,1,TRUE
R2C3,9edd4910,32cd90de25ab051cbc471d459edd4910,WV02,8/21/2024,Pan Sharpened Natural Color,2,1,FALSE
R3C1,9edd4910,32cd90de25ab051cbc471d459edd4910,WV02,8/21/2024,Pan Sharpened Natural Color,2,1,TRUE
R3C2,9edd4910,32cd90de25ab051cbc471d459edd4910,WV02,8/21/2024,Pan Sharpened Natural Color,2,1,TRUE
R3C3,9edd4910,32cd90de25ab051cbc471d459edd4910,WV02,8/21/2024,Pan Sharpened Natural Color,2,1,FALSE
R4C1,9edd4910,32cd90de25ab051cbc471d459edd4910,WV02,8/21/2024,Pan Sharpened Natural Color,2,1,TRUE
R4C2,9edd4910,32cd90de25ab051cbc471d459edd4910,WV02,8/21/2024,Pan Sharpened Natural Color,2,1,FALSE
R4C3,9edd4910,32cd90de25ab051cbc471d459edd4910,WV02,8/21/2024,Pan Sharpened Natural Color,2,1,FALSE
R5C1,9edd4910,32cd90de25ab051cbc471d459edd4910,WV02,8/21/2024,Pan Sharpened Natural Color,2,1,TRUE
R5C2,9edd4910,32cd90de25ab051cbc471d459edd4910,WV02,8/21/2024,Pan Sharpened Natural Color,2,1,FALSE
R5C3,9edd4910,32cd90de25ab051cbc471d459edd4910,WV02,8/21/2024,Pan Sharpened Natural Color,2,1,FALSE
R6C1,9edd4910,32cd90de25ab051cbc471d459edd4910,WV02,8/21/2024,Pan Sharpened Natural Color,2,1,FALSE
R6C2,9edd4910,32cd90de25ab051cbc471d459edd4910,WV02,8/21/2024,Pan Sharpened Natural Color,2,1,FALSE
R6C3,9edd4910,32cd90de25ab051cbc471d459edd4910,WV02,8/21/2024,Pan Sharpened Natural Color,2,1,FALSE
R7C1,9edd4910,32cd90de25ab051cbc471d459edd4910,WV02,8/21/2024,Pan Sharpened Natural Color,2,1,TRUE
R7C2,9edd4910,32cd90de25ab051cbc471d459edd4910,WV02,8/21/2024,Pan Sharpened Natural Color,2,1,TRUE
R7C3,9edd4910,32cd90de25ab051cbc471d459edd4910,WV02,8/21/2024,Pan Sharpened Natural Color,2,1,TRUE
R8C1,9edd4910,32cd90de25ab051cbc471d459edd4910,WV02,8/21/2024,Pan Sharpened Natural Color,2,1,TRUE
R8C2,9edd4910,32cd90de25ab051cbc471d459edd4910,WV02,8/21/2024,Pan Sharpened Natural Color,2,1,TRUE
R8C3,9edd4910,32cd90de25ab051cbc471d459edd4910,WV02,8/21/2024,Pan Sharpened Natural Color,2,1,TRUE
R9C1,9edd4910,32cd90de25ab051cbc471d459edd4910,WV02,8/21/2024,Pan Sharpened Natural Color,2,1,TRUE
R9C2,9edd4910,32cd90de25ab051cbc471d459edd4910,WV02,8/21/2024,Pan Sharpened Natural Color,2,1,TRUE
R1C1,a91e8b6f,803f23d3c25d24bd1aeb6c41a91e8b6f,WV02,6/26/2024,Pan Sharpened Natural Color,3,2,FALSE
R1C2,a91e8b6f,803f23d3c25d24bd1aeb6c41a91e8b6f,WV02,6/26/2024,Pan Sharpened Natural Color,3,2,FALSE
R1C3,a91e8b6f,803f23d3c25d24bd1aeb6c41a91e8b6f,WV02,6/26/2024,Pan Sharpened Natural Color,3,2,FALSE
R2C1,a91e8b6f,803f23d3c25d24bd1aeb6c41a91e8b6f,WV02,6/26/2024,Pan Sharpened Natural Color,3,2,FALSE
R2C2,a91e8b6f,803f23d3c25d24bd1aeb6c41a91e8b6f,WV02,6/26/2024,Pan Sharpened Natural Color,3,2,FALSE
R2C3,a91e8b6f,803f23d3c25d24bd1aeb6c41a91e8b6f,WV02,6/26/2024,Pan Sharpened Natural Color,3,2,FALSE
R3C1,a91e8b6f,803f23d3c25d24bd1aeb6c41a91e8b6f,WV02,6/26/2024,Pan Sharpened Natural Color,3,2,FALSE
R3C2,a91e8b6f,803f23d3c25d24bd1aeb6c41a91e8b6f,WV02,6/26/2024,Pan Sharpened Natural Color,3,2,FALSE
R3C3,a91e8b6f,803f23d3c25d24bd1aeb6c41a91e8b6f,WV02,6/26/2024,Pan Sharpened Natural Color,3,2,FALSE
R4C1,a91e8b6f,803f23d3c25d24bd1aeb6c41a91e8b6f,WV02,6/26/2024,Pan Sharpened Natural Color,3,2,FALSE
R4C2,a91e8b6f,803f23d3c25d24bd1aeb6c41a91e8b6f,WV02,6/26/2024,Pan Sharpened Natural Color,3,2,FALSE
R4C3,a91e8b6f,803f23d3c25d24bd1aeb6c41a91e8b6f,WV02,6/26/2024,Pan Sharpened Natural Color,3,2,FALSE
R5C1,a91e8b6f,803f23d3c25d24bd1aeb6c41a91e8b6f,WV02,6/26/2024,Pan Sharpened Natural Color,3,2,FALSE
R5C2,a91e8b6f,803f23d3c25d24bd1aeb6c41a91e8b6f,WV02,6/26/2024,Pan Sharpened Natural Color,3,2,FALSE
R5C3,a91e8b6f,803f23d3c25d24bd1aeb6c41a91e8b6f,WV02,6/26/2024,Pan Sharpened Natural Color,3,2,FALSE
R1C3,aa5f6d08,20b76366efab8e7795dda759aa5f6d08,GE01,7/27/2023,Pan Sharpened Natural Color,2,1,TRUE
R2C3,aa5f6d08,20b76366efab8e7795dda759aa5f6d08,GE01,7/27/2023,Pan Sharpened Natural Color,2,1,TRUE
R1C2,b53b08d3,035c0f70f7fdc2c4b51dbb75b53b08d3,WV02,8/23/2024,Pan Sharpened Natural Color,2,1,TRUE
R1C3,b53b08d3,035c0f70f7fdc2c4b51dbb75b53b08d3,WV02,8/23/2024,Pan Sharpened Natural Color,2,1,TRUE
R2C1,b53b08d3,035c0f70f7fdc2c4b51dbb75b53b08d3,WV02,8/23/2024,Pan Sharpened Natural Color,2,1,TRUE
R2C2,b53b08d3,035c0f70f7fdc2c4b51dbb75b53b08d3,WV02,8/23/2024,Pan Sharpened Natural Color,2,1,TRUE
R2C3,b53b08d3,035c0f70f7fdc2c4b51dbb75b53b08d3,WV02,8/23/2024,Pan Sharpened Natural Color,2,1,TRUE
R3C1,b53b08d3,035c0f70f7fdc2c4b51dbb75b53b08d3,WV02,8/23/2024,Pan Sharpened Natural Color,2,1,TRUE
R3C2,b53b08d3,035c0f70f7fdc2c4b51dbb75b53b08d3,WV02,8/23/2024,Pan Sharpened Natural Color,2,1,TRUE
R3C3,b53b08d3,035c0f70f7fdc2c4b51dbb75b53b08d3,WV02,8/23/2024,Pan Sharpened Natural Color,2,1,TRUE
R4C1,b53b08d3,035c0f70f7fdc2c4b51dbb75b53b08d3,WV02,8/23/2024,Pan Sharpened Natural Color,2,1,TRUE
R4C2,b53b08d3,035c0f70f7fdc2c4b51dbb75b53b08d3,WV02,8/23/2024,Pan Sharpened Natural Color,2,1,TRUE
R4C3,b53b08d3,035c0f70f7fdc2c4b51dbb75b53b08d3,WV02,8/23/2024,Pan Sharpened Natural Color,2,1,FALSE
R5C1,b53b08d3,035c0f70f7fdc2c4b51dbb75b53b08d3,WV02,8/23/2024,Pan Sharpened Natural Color,2,1,TRUE
R5C2,b53b08d3,035c0f70f7fdc2c4b51dbb75b53b08d3,WV02,8/23/2024,Pan Sharpened Natural Color,2,1,TRUE
R5C3,b53b08d3,035c0f70f7fdc2c4b51dbb75b53b08d3,WV02,8/23/2024,Pan Sharpened Natural Color,2,1,FALSE
R6C1,b53b08d3,035c0f70f7fdc2c4b51dbb75b53b08d3,WV02,8/23/2024,Pan Sharpened Natural Color,2,1,TRUE
R6C2,b53b08d3,035c0f70f7fdc2c4b51dbb75b53b08d3,WV02,8/23/2024,Pan Sharpened Natural Color,2,1,TRUE
R6C3,b53b08d3,035c0f70f7fdc2c4b51dbb75b53b08d3,WV02,8/23/2024,Pan Sharpened Natural Color,2,1,FALSE
R7C1,b53b08d3,035c0f70f7fdc2c4b51dbb75b53b08d3,WV02,8/23/2024,Pan Sharpened Natural Color,2,1,TRUE
R7C2,b53b08d3,035c0f70f7fdc2c4b51dbb75b53b08d3,WV02,8/23/2024,Pan Sharpened Natural Color,2,1,FALSE
R7C3,b53b08d3,035c0f70f7fdc2c4b51dbb75b53b08d3,WV02,8/23/2024,Pan Sharpened Natural Color,2,1,TRUE
R8C1,b53b08d3,035c0f70f7fdc2c4b51dbb75b53b08d3,WV02,8/23/2024,Pan Sharpened Natural Color,2,1,TRUE
R8C2,b53b08d3,035c0f70f7fdc2c4b51dbb75b53b08d3,WV02,8/23/2024,Pan Sharpened Natural Color,2,1,TRUE
R8C3,b53b08d3,035c0f70f7fdc2c4b51dbb75b53b08d3,WV02,8/23/2024,Pan Sharpened Natural Color,2,1,TRUE
R9C1,b53b08d3,035c0f70f7fdc2c4b51dbb75b53b08d3,WV02,8/23/2024,Pan Sharpened Natural Color,2,1,TRUE
R9C2,b53b08d3,035c0f70f7fdc2c4b51dbb75b53b08d3,WV02,8/23/2024,Pan Sharpened Natural Color,2,1,TRUE
R9C3,b53b08d3,035c0f70f7fdc2c4b51dbb75b53b08d3,WV02,8/23/2024,Pan Sharpened Natural Color,2,1,TRUE
R12C3,b6356d15,1e7cb20ded7a73dfb1db0c17b6356d15,WV02,4/26/2024,Pan Sharpened Natural Color,1,2,FALSE
R13C1,b6356d15,1e7cb20ded7a73dfb1db0c17b6356d15,WV02,4/26/2024,Pan Sharpened Natural Color,1,2,TRUE
R13C3,b6356d15,1e7cb20ded7a73dfb1db0c17b6356d15,WV02,4/26/2024,Pan Sharpened Natural Color,1,2,FALSE
R14C1,b6356d15,1e7cb20ded7a73dfb1db0c17b6356d15,WV02,4/26/2024,Pan Sharpened Natural Color,1,2,TRUE
R14C2,b6356d15,1e7cb20ded7a73dfb1db0c17b6356d15,WV02,4/26/2024,Pan Sharpened Natural Color,1,2,TRUE
R14C3,b6356d15,1e7cb20ded7a73dfb1db0c17b6356d15,WV02,4/26/2024,Pan Sharpened Natural Color,1,2,TRUE
R15C1,b6356d15,1e7cb20ded7a73dfb1db0c17b6356d15,WV02,4/26/2024,Pan Sharpened Natural Color,1,2,TRUE
R15C2,b6356d15,1e7cb20ded7a73dfb1db0c17b6356d15,WV02,4/26/2024,Pan Sharpened Natural Color,1,2,TRUE
R15C3,b6356d15,1e7cb20ded7a73dfb1db0c17b6356d15,WV02,4/26/2024,Pan Sharpened Natural Color,1,2,TRUE
R1C1,b7385dd6,a9f2a3718043dd3bd6325b54b7385dd6,GE01,8/14/2024,Pan Sharpened Natural Color,3,3,TRUE
R1C2,b7385dd6,a9f2a3718043dd3bd6325b54b7385dd6,GE01,8/14/2024,Pan Sharpened Natural Color,3,3,TRUE
R2C1,b7385dd6,a9f2a3718043dd3bd6325b54b7385dd6,GE01,8/14/2024,Pan Sharpened Natural Color,3,3,TRUE
R2C2,b7385dd6,a9f2a3718043dd3bd6325b54b7385dd6,GE01,8/14/2024,Pan Sharpened Natural Color,3,3,TRUE
R3C1,b7385dd6,a9f2a3718043dd3bd6325b54b7385dd6,GE01,8/14/2024,Pan Sharpened Natural Color,3,3,TRUE
R3C2,b7385dd6,a9f2a3718043dd3bd6325b54b7385dd6,GE01,8/14/2024,Pan Sharpened Natural Color,3,3,TRUE
R4C1,b7385dd6,a9f2a3718043dd3bd6325b54b7385dd6,GE01,8/14/2024,Pan Sharpened Natural Color,3,3,TRUE
R4C2,b7385dd6,a9f2a3718043dd3bd6325b54b7385dd6,GE01,8/14/2024,Pan Sharpened Natural Color,3,3,TRUE
R5C1,b7385dd6,a9f2a3718043dd3bd6325b54b7385dd6,GE01,8/14/2024,Pan Sharpened Natural Color,3,3,TRUE
R14C1,b84dc635,9a44853671932e27fb8bbf13b84dc635,WV02,7/13/2024,Pan Sharpened Natural Color,2,3,TRUE
R1C1,b84dc635,9a44853671932e27fb8bbf13b84dc635,WV02,7/13/2024,Pan Sharpened Natural Color,2,3,FALSE
R1C2,b84dc635,9a44853671932e27fb8bbf13b84dc635,WV02,7/13/2024,Pan Sharpened Natural Color,2,3,FALSE
R1C3,b84dc635,9a44853671932e27fb8bbf13b84dc635,WV02,7/13/2024,Pan Sharpened Natural Color,2,3,FALSE
R2C1,b84dc635,9a44853671932e27fb8bbf13b84dc635,WV02,7/13/2024,Pan Sharpened Natural Color,2,3,FALSE
R2C2,b84dc635,9a44853671932e27fb8bbf13b84dc635,WV02,7/13/2024,Pan Sharpened Natural Color,2,3,FALSE
R2C3,b84dc635,9a44853671932e27fb8bbf13b84dc635,WV02,7/13/2024,Pan Sharpened Natural Color,2,3,FALSE
R3C1,b84dc635,9a44853671932e27fb8bbf13b84dc635,WV02,7/13/2024,Pan Sharpened Natural Color,2,3,FALSE
R3C2,b84dc635,9a44853671932e27fb8bbf13b84dc635,WV02,7/13/2024,Pan Sharpened Natural Color,2,3,FALSE
R3C3,b84dc635,9a44853671932e27fb8bbf13b84dc635,WV02,7/13/2024,Pan Sharpened Natural Color,2,3,FALSE
R4C1,b84dc635,9a44853671932e27fb8bbf13b84dc635,WV02,7/13/2024,Pan Sharpened Natural Color,2,3,FALSE
R4C2,b84dc635,9a44853671932e27fb8bbf13b84dc635,WV02,7/13/2024,Pan Sharpened Natural Color,2,3,FALSE
R4C3,b84dc635,9a44853671932e27fb8bbf13b84dc635,WV02,7/13/2024,Pan Sharpened Natural Color,2,3,FALSE
R5C1,b84dc635,9a44853671932e27fb8bbf13b84dc635,WV02,7/13/2024,Pan Sharpened Natural Color,2,3,FALSE
R5C2,b84dc635,9a44853671932e27fb8bbf13b84dc635,WV02,7/13/2024,Pan Sharpened Natural Color,2,3,FALSE
R5C3,b84dc635,9a44853671932e27fb8bbf13b84dc635,WV02,7/13/2024,Pan Sharpened Natural Color,2,3,FALSE
R6C1,b84dc635,9a44853671932e27fb8bbf13b84dc635,WV02,7/13/2024,Pan Sharpened Natural Color,2,3,FALSE
R6C2,b84dc635,9a44853671932e27fb8bbf13b84dc635,WV02,7/13/2024,Pan Sharpened Natural Color,2,3,FALSE
R6C3,b84dc635,9a44853671932e27fb8bbf13b84dc635,WV02,7/13/2024,Pan Sharpened Natural Color,2,3,FALSE
R1C1,bf8622c3,fbcead75c2dbffffb2b7b711bf8622c3,GE01,8/14/2024,Pan Sharpened Natural Color,3,2,TRUE
R1C2,bf8622c3,fbcead75c2dbffffb2b7b711bf8622c3,GE01,8/14/2024,Pan Sharpened Natural Color,3,2,TRUE
R1C3,bf8622c3,fbcead75c2dbffffb2b7b711bf8622c3,GE01,8/14/2024,Pan Sharpened Natural Color,3,2,TRUE
R2C1,bf8622c3,fbcead75c2dbffffb2b7b711bf8622c3,GE01,8/14/2024,Pan Sharpened Natural Color,3,2,TRUE
R2C2,bf8622c3,fbcead75c2dbffffb2b7b711bf8622c3,GE01,8/14/2024,Pan Sharpened Natural Color,3,2,TRUE
R2C3,bf8622c3,fbcead75c2dbffffb2b7b711bf8622c3,GE01,8/14/2024,Pan Sharpened Natural Color,3,2,TRUE
R3C1,bf8622c3,fbcead75c2dbffffb2b7b711bf8622c3,GE01,8/14/2024,Pan Sharpened Natural Color,3,2,TRUE
R3C2,bf8622c3,fbcead75c2dbffffb2b7b711bf8622c3,GE01,8/14/2024,Pan Sharpened Natural Color,3,2,TRUE
R3C3,bf8622c3,fbcead75c2dbffffb2b7b711bf8622c3,GE01,8/14/2024,Pan Sharpened Natural Color,3,2,TRUE
R4C1,bf8622c3,fbcead75c2dbffffb2b7b711bf8622c3,GE01,8/14/2024,Pan Sharpened Natural Color,3,2,TRUE
R4C2,bf8622c3,fbcead75c2dbffffb2b7b711bf8622c3,GE01,8/14/2024,Pan Sharpened Natural Color,3,2,TRUE
R4C3,bf8622c3,fbcead75c2dbffffb2b7b711bf8622c3,GE01,8/14/2024,Pan Sharpened Natural Color,3,2,TRUE
R5C1,bf8622c3,fbcead75c2dbffffb2b7b711bf8622c3,GE01,8/14/2024,Pan Sharpened Natural Color,3,2,TRUE
R5C2,bf8622c3,fbcead75c2dbffffb2b7b711bf8622c3,GE01,8/14/2024,Pan Sharpened Natural Color,3,2,TRUE
R5C3,bf8622c3,fbcead75c2dbffffb2b7b711bf8622c3,GE01,8/14/2024,Pan Sharpened Natural Color,3,2,TRUE
R6C1,bf8622c3,fbcead75c2dbffffb2b7b711bf8622c3,GE01,8/14/2024,Pan Sharpened Natural Color,3,2,TRUE
R6C2,bf8622c3,fbcead75c2dbffffb2b7b711bf8622c3,GE01,8/14/2024,Pan Sharpened Natural Color,3,2,TRUE
R6C3,bf8622c3,fbcead75c2dbffffb2b7b711bf8622c3,GE01,8/14/2024,Pan Sharpened Natural Color,3,2,TRUE
R14C1,c2481ad7,590c9bcf6106bbb2daf4a03ac2481ad7,WV02,7/13/2024,Pan Sharpened Natural Color,2,2,FALSE
R15C1,c2481ad7,590c9bcf6106bbb2daf4a03ac2481ad7,WV02,7/13/2024,Pan Sharpened Natural Color,2,2,FALSE
R15C2,c2481ad7,590c9bcf6106bbb2daf4a03ac2481ad7,WV02,7/13/2024,Pan Sharpened Natural Color,2,2,FALSE
R15C3,c2481ad7,590c9bcf6106bbb2daf4a03ac2481ad7,WV02,7/13/2024,Pan Sharpened Natural Color,2,2,FALSE
R1C1,c2481ad7,590c9bcf6106bbb2daf4a03ac2481ad7,WV02,7/13/2024,Pan Sharpened Natural Color,2,2,TRUE
R1C2,c2481ad7,590c9bcf6106bbb2daf4a03ac2481ad7,WV02,7/13/2024,Pan Sharpened Natural Color,2,2,TRUE
R1C3,c2481ad7,590c9bcf6106bbb2daf4a03ac2481ad7,WV02,7/13/2024,Pan Sharpened Natural Color,2,2,TRUE
R2C1,c2481ad7,590c9bcf6106bbb2daf4a03ac2481ad7,WV02,7/13/2024,Pan Sharpened Natural Color,2,2,FALSE
R2C2,c2481ad7,590c9bcf6106bbb2daf4a03ac2481ad7,WV02,7/13/2024,Pan Sharpened Natural Color,2,2,FALSE
R2C3,c2481ad7,590c9bcf6106bbb2daf4a03ac2481ad7,WV02,7/13/2024,Pan Sharpened Natural Color,2,2,FALSE
R3C2,c2481ad7,590c9bcf6106bbb2daf4a03ac2481ad7,WV02,7/13/2024,Pan Sharpened Natural Color,2,2,FALSE
R3C3,c2481ad7,590c9bcf6106bbb2daf4a03ac2481ad7,WV02,7/13/2024,Pan Sharpened Natural Color,2,2,FALSE
R1C1,c61064fa,fc400825684a0c52c9cc3e91c61064fa,WV02,8/21/2024,Pan Sharpened Natural Color,2,1,FALSE
R1C2,c61064fa,fc400825684a0c52c9cc3e91c61064fa,WV02,8/21/2024,Pan Sharpened Natural Color,2,1,FALSE
R1C3,c61064fa,fc400825684a0c52c9cc3e91c61064fa,WV02,8/21/2024,Pan Sharpened Natural Color,2,1,FALSE
R2C1,c61064fa,fc400825684a0c52c9cc3e91c61064fa,WV02,8/21/2024,Pan Sharpened Natural Color,2,1,FALSE
R2C2,c61064fa,fc400825684a0c52c9cc3e91c61064fa,WV02,8/21/2024,Pan Sharpened Natural Color,2,1,FALSE
R2C3,c61064fa,fc400825684a0c52c9cc3e91c61064fa,WV02,8/21/2024,Pan Sharpened Natural Color,2,1,FALSE
R3C1,c61064fa,fc400825684a0c52c9cc3e91c61064fa,WV02,8/21/2024,Pan Sharpened Natural Color,2,1,FALSE
R3C2,c61064fa,fc400825684a0c52c9cc3e91c61064fa,WV02,8/21/2024,Pan Sharpened Natural Color,2,1,FALSE
R3C3,c61064fa,fc400825684a0c52c9cc3e91c61064fa,WV02,8/21/2024,Pan Sharpened Natural Color,2,1,FALSE
R4C1,c61064fa,fc400825684a0c52c9cc3e91c61064fa,WV02,8/21/2024,Pan Sharpened Natural Color,2,1,FALSE
R4C2,c61064fa,fc400825684a0c52c9cc3e91c61064fa,WV02,8/21/2024,Pan Sharpened Natural Color,2,1,FALSE
R4C3,c61064fa,fc400825684a0c52c9cc3e91c61064fa,WV02,8/21/2024,Pan Sharpened Natural Color,2,1,FALSE
R5C1,c61064fa,fc400825684a0c52c9cc3e91c61064fa,WV02,8/21/2024,Pan Sharpened Natural Color,2,1,FALSE
R5C2,c61064fa,fc400825684a0c52c9cc3e91c61064fa,WV02,8/21/2024,Pan Sharpened Natural Color,2,1,FALSE
R5C3,c61064fa,fc400825684a0c52c9cc3e91c61064fa,WV02,8/21/2024,Pan Sharpened Natural Color,2,1,FALSE
R6C1,c61064fa,fc400825684a0c52c9cc3e91c61064fa,WV02,8/21/2024,Pan Sharpened Natural Color,2,1,FALSE
R6C2,c61064fa,fc400825684a0c52c9cc3e91c61064fa,WV02,8/21/2024,Pan Sharpened Natural Color,2,1,FALSE
R6C3,c61064fa,fc400825684a0c52c9cc3e91c61064fa,WV02,8/21/2024,Pan Sharpened Natural Color,2,1,FALSE
R7C1,c61064fa,fc400825684a0c52c9cc3e91c61064fa,WV02,8/21/2024,Pan Sharpened Natural Color,2,1,TRUE
R7C2,c61064fa,fc400825684a0c52c9cc3e91c61064fa,WV02,8/21/2024,Pan Sharpened Natural Color,2,1,TRUE
R7C3,c61064fa,fc400825684a0c52c9cc3e91c61064fa,WV02,8/21/2024,Pan Sharpened Natural Color,2,1,TRUE
R8C1,c61064fa,fc400825684a0c52c9cc3e91c61064fa,WV02,8/21/2024,Pan Sharpened Natural Color,2,1,TRUE
R8C2,c61064fa,fc400825684a0c52c9cc3e91c61064fa,WV02,8/21/2024,Pan Sharpened Natural Color,2,1,TRUE
R8C3,c61064fa,fc400825684a0c52c9cc3e91c61064fa,WV02,8/21/2024,Pan Sharpened Natural Color,2,1,TRUE
R9C1,c61064fa,fc400825684a0c52c9cc3e91c61064fa,WV02,8/21/2024,Pan Sharpened Natural Color,2,1,TRUE
R9C2,c61064fa,fc400825684a0c52c9cc3e91c61064fa,WV02,8/21/2024,Pan Sharpened Natural Color,2,1,TRUE
R10C1,ce23bdca,0157f1f19e6f6e94a2fa656bce23bdca,GE01,8/23/2024,Pan Sharpened Natural Color,2,1,TRUE
R10C2,ce23bdca,0157f1f19e6f6e94a2fa656bce23bdca,GE01,8/23/2024,Pan Sharpened Natural Color,2,1,TRUE
R10C3,ce23bdca,0157f1f19e6f6e94a2fa656bce23bdca,GE01,8/23/2024,Pan Sharpened Natural Color,2,1,TRUE
R2C2,ce23bdca,0157f1f19e6f6e94a2fa656bce23bdca,GE01,8/23/2024,Pan Sharpened Natural Color,2,1,TRUE
R2C3,ce23bdca,0157f1f19e6f6e94a2fa656bce23bdca,GE01,8/23/2024,Pan Sharpened Natural Color,2,1,TRUE
R3C1,ce23bdca,0157f1f19e6f6e94a2fa656bce23bdca,GE01,8/23/2024,Pan Sharpened Natural Color,2,1,TRUE
R3C2,ce23bdca,0157f1f19e6f6e94a2fa656bce23bdca,GE01,8/23/2024,Pan Sharpened Natural Color,2,1,TRUE
R3C3,ce23bdca,0157f1f19e6f6e94a2fa656bce23bdca,GE01,8/23/2024,Pan Sharpened Natural Color,2,1,TRUE
R4C1,ce23bdca,0157f1f19e6f6e94a2fa656bce23bdca,GE01,8/23/2024,Pan Sharpened Natural Color,2,1,TRUE
R4C2,ce23bdca,0157f1f19e6f6e94a2fa656bce23bdca,GE01,8/23/2024,Pan Sharpened Natural Color,2,1,TRUE
R4C3,ce23bdca,0157f1f19e6f6e94a2fa656bce23bdca,GE01,8/23/2024,Pan Sharpened Natural Color,2,1,TRUE
R5C2,ce23bdca,0157f1f19e6f6e94a2fa656bce23bdca,GE01,8/23/2024,Pan Sharpened Natural Color,2,1,TRUE
R5C3,ce23bdca,0157f1f19e6f6e94a2fa656bce23bdca,GE01,8/23/2024,Pan Sharpened Natural Color,2,1,TRUE
R6C2,ce23bdca,0157f1f19e6f6e94a2fa656bce23bdca,GE01,8/23/2024,Pan Sharpened Natural Color,2,1,TRUE
R6C3,ce23bdca,0157f1f19e6f6e94a2fa656bce23bdca,GE01,8/23/2024,Pan Sharpened Natural Color,2,1,TRUE
R7C1,ce23bdca,0157f1f19e6f6e94a2fa656bce23bdca,GE01,8/23/2024,Pan Sharpened Natural Color,2,1,TRUE
R7C2,ce23bdca,0157f1f19e6f6e94a2fa656bce23bdca,GE01,8/23/2024,Pan Sharpened Natural Color,2,1,TRUE
R7C3,ce23bdca,0157f1f19e6f6e94a2fa656bce23bdca,GE01,8/23/2024,Pan Sharpened Natural Color,2,1,TRUE
R8C1,ce23bdca,0157f1f19e6f6e94a2fa656bce23bdca,GE01,8/23/2024,Pan Sharpened Natural Color,2,1,TRUE
R8C2,ce23bdca,0157f1f19e6f6e94a2fa656bce23bdca,GE01,8/23/2024,Pan Sharpened Natural Color,2,1,TRUE
R8C3,ce23bdca,0157f1f19e6f6e94a2fa656bce23bdca,GE01,8/23/2024,Pan Sharpened Natural Color,2,1,FALSE
R9C1,ce23bdca,0157f1f19e6f6e94a2fa656bce23bdca,GE01,8/23/2024,Pan Sharpened Natural Color,2,1,TRUE
R9C2,ce23bdca,0157f1f19e6f6e94a2fa656bce23bdca,GE01,8/23/2024,Pan Sharpened Natural Color,2,1,TRUE
R9C3,ce23bdca,0157f1f19e6f6e94a2fa656bce23bdca,GE01,8/23/2024,Pan Sharpened Natural Color,2,1,TRUE
R14C1,d2de346b,bb51c39690a44c8522e2e8dcd2de346b,WV02,7/24/2024,Pan Sharpened Natural Color,2,2,FALSE
R14C2,d2de346b,bb51c39690a44c8522e2e8dcd2de346b,WV02,7/24/2024,Pan Sharpened Natural Color,2,2,FALSE
R14C3,d2de346b,bb51c39690a44c8522e2e8dcd2de346b,WV02,7/24/2024,Pan Sharpened Natural Color,2,2,FALSE
R15C1,d2de346b,bb51c39690a44c8522e2e8dcd2de346b,WV02,7/24/2024,Pan Sharpened Natural Color,2,2,FALSE
R15C2,d2de346b,bb51c39690a44c8522e2e8dcd2de346b,WV02,7/24/2024,Pan Sharpened Natural Color,2,2,FALSE
R15C3,d2de346b,bb51c39690a44c8522e2e8dcd2de346b,WV02,7/24/2024,Pan Sharpened Natural Color,2,2,FALSE
R1C1,d2de346b,bb51c39690a44c8522e2e8dcd2de346b,WV02,7/24/2024,Pan Sharpened Natural Color,2,2,FALSE
R1C2,d2de346b,bb51c39690a44c8522e2e8dcd2de346b,WV02,7/24/2024,Pan Sharpened Natural Color,2,2,FALSE
R1C3,d2de346b,bb51c39690a44c8522e2e8dcd2de346b,WV02,7/24/2024,Pan Sharpened Natural Color,2,2,FALSE
R2C1,d2de346b,bb51c39690a44c8522e2e8dcd2de346b,WV02,7/24/2024,Pan Sharpened Natural Color,2,2,FALSE
R2C2,d2de346b,bb51c39690a44c8522e2e8dcd2de346b,WV02,7/24/2024,Pan Sharpened Natural Color,2,2,FALSE
R2C3,d2de346b,bb51c39690a44c8522e2e8dcd2de346b,WV02,7/24/2024,Pan Sharpened Natural Color,2,2,FALSE
R10C1,d8182a32,aa8d639f3a87c3220b1f7fded8182a32,GE01,5/29/2024,Pan Sharpened Natural Color,1,3,FALSE
R10C2,d8182a32,aa8d639f3a87c3220b1f7fded8182a32,GE01,5/29/2024,Pan Sharpened Natural Color,1,3,FALSE
R10C3,d8182a32,aa8d639f3a87c3220b1f7fded8182a32,GE01,5/29/2024,Pan Sharpened Natural Color,1,3,FALSE
R11C1,d8182a32,aa8d639f3a87c3220b1f7fded8182a32,GE01,5/29/2024,Pan Sharpened Natural Color,1,3,FALSE
R11C2,d8182a32,aa8d639f3a87c3220b1f7fded8182a32,GE01,5/29/2024,Pan Sharpened Natural Color,1,3,FALSE
R11C3,d8182a32,aa8d639f3a87c3220b1f7fded8182a32,GE01,5/29/2024,Pan Sharpened Natural Color,1,3,FALSE
R12C1,d8182a32,aa8d639f3a87c3220b1f7fded8182a32,GE01,5/29/2024,Pan Sharpened Natural Color,1,3,FALSE
R12C2,d8182a32,aa8d639f3a87c3220b1f7fded8182a32,GE01,5/29/2024,Pan Sharpened Natural Color,1,3,FALSE
R12C3,d8182a32,aa8d639f3a87c3220b1f7fded8182a32,GE01,5/29/2024,Pan Sharpened Natural Color,1,3,FALSE
R13C1,d8182a32,aa8d639f3a87c3220b1f7fded8182a32,GE01,5/29/2024,Pan Sharpened Natural Color,1,3,FALSE
R13C2,d8182a32,aa8d639f3a87c3220b1f7fded8182a32,GE01,5/29/2024,Pan Sharpened Natural Color,1,3,FALSE
R13C3,d8182a32,aa8d639f3a87c3220b1f7fded8182a32,GE01,5/29/2024,Pan Sharpened Natural Color,1,3,FALSE
R14C1,d8182a32,aa8d639f3a87c3220b1f7fded8182a32,GE01,5/29/2024,Pan Sharpened Natural Color,1,3,FALSE
R14C2,d8182a32,aa8d639f3a87c3220b1f7fded8182a32,GE01,5/29/2024,Pan Sharpened Natural Color,1,3,FALSE
R14C3,d8182a32,aa8d639f3a87c3220b1f7fded8182a32,GE01,5/29/2024,Pan Sharpened Natural Color,1,3,FALSE
R15C1,d8182a32,aa8d639f3a87c3220b1f7fded8182a32,GE01,5/29/2024,Pan Sharpened Natural Color,1,3,FALSE
R15C2,d8182a32,aa8d639f3a87c3220b1f7fded8182a32,GE01,5/29/2024,Pan Sharpened Natural Color,1,3,FALSE
R15C3,d8182a32,aa8d639f3a87c3220b1f7fded8182a32,GE01,5/29/2024,Pan Sharpened Natural Color,1,3,FALSE
R16C1,d8182a32,aa8d639f3a87c3220b1f7fded8182a32,GE01,5/29/2024,Pan Sharpened Natural Color,1,3,FALSE
R16C2,d8182a32,aa8d639f3a87c3220b1f7fded8182a32,GE01,5/29/2024,Pan Sharpened Natural Color,1,3,FALSE
R16C3,d8182a32,aa8d639f3a87c3220b1f7fded8182a32,GE01,5/29/2024,Pan Sharpened Natural Color,1,3,FALSE
R17C1,d8182a32,aa8d639f3a87c3220b1f7fded8182a32,GE01,5/29/2024,Pan Sharpened Natural Color,1,3,FALSE
R17C2,d8182a32,aa8d639f3a87c3220b1f7fded8182a32,GE01,5/29/2024,Pan Sharpened Natural Color,1,3,FALSE
R17C3,d8182a32,aa8d639f3a87c3220b1f7fded8182a32,GE01,5/29/2024,Pan Sharpened Natural Color,1,3,FALSE
R2C1,d8182a32,aa8d639f3a87c3220b1f7fded8182a32,GE01,5/29/2024,Pan Sharpened Natural Color,1,3,FALSE
R2C2,d8182a32,aa8d639f3a87c3220b1f7fded8182a32,GE01,5/29/2024,Pan Sharpened Natural Color,1,3,FALSE
R2C3,d8182a32,aa8d639f3a87c3220b1f7fded8182a32,GE01,5/29/2024,Pan Sharpened Natural Color,1,3,FALSE
R3C1,d8182a32,aa8d639f3a87c3220b1f7fded8182a32,GE01,5/29/2024,Pan Sharpened Natural Color,1,3,FALSE
R3C2,d8182a32,aa8d639f3a87c3220b1f7fded8182a32,GE01,5/29/2024,Pan Sharpened Natural Color,1,3,FALSE
R3C3,d8182a32,aa8d639f3a87c3220b1f7fded8182a32,GE01,5/29/2024,Pan Sharpened Natural Color,1,3,FALSE
R4C1,d8182a32,aa8d639f3a87c3220b1f7fded8182a32,GE01,5/29/2024,Pan Sharpened Natural Color,1,3,FALSE
R4C2,d8182a32,aa8d639f3a87c3220b1f7fded8182a32,GE01,5/29/2024,Pan Sharpened Natural Color,1,3,FALSE
R4C3,d8182a32,aa8d639f3a87c3220b1f7fded8182a32,GE01,5/29/2024,Pan Sharpened Natural Color,1,3,FALSE
R5C1,d8182a32,aa8d639f3a87c3220b1f7fded8182a32,GE01,5/29/2024,Pan Sharpened Natural Color,1,3,FALSE
R5C2,d8182a32,aa8d639f3a87c3220b1f7fded8182a32,GE01,5/29/2024,Pan Sharpened Natural Color,1,3,FALSE
R5C3,d8182a32,aa8d639f3a87c3220b1f7fded8182a32,GE01,5/29/2024,Pan Sharpened Natural Color,1,3,FALSE
R6C1,d8182a32,aa8d639f3a87c3220b1f7fded8182a32,GE01,5/29/2024,Pan Sharpened Natural Color,1,3,FALSE
R6C2,d8182a32,aa8d639f3a87c3220b1f7fded8182a32,GE01,5/29/2024,Pan Sharpened Natural Color,1,3,FALSE
R6C3,d8182a32,aa8d639f3a87c3220b1f7fded8182a32,GE01,5/29/2024,Pan Sharpened Natural Color,1,3,FALSE
R7C1,d8182a32,aa8d639f3a87c3220b1f7fded8182a32,GE01,5/29/2024,Pan Sharpened Natural Color,1,3,FALSE
R7C2,d8182a32,aa8d639f3a87c3220b1f7fded8182a32,GE01,5/29/2024,Pan Sharpened Natural Color,1,3,FALSE
R7C3,d8182a32,aa8d639f3a87c3220b1f7fded8182a32,GE01,5/29/2024,Pan Sharpened Natural Color,1,3,FALSE
R8C1,d8182a32,aa8d639f3a87c3220b1f7fded8182a32,GE01,5/29/2024,Pan Sharpened Natural Color,1,3,FALSE
R8C2,d8182a32,aa8d639f3a87c3220b1f7fded8182a32,GE01,5/29/2024,Pan Sharpened Natural Color,1,3,FALSE
R8C3,d8182a32,aa8d639f3a87c3220b1f7fded8182a32,GE01,5/29/2024,Pan Sharpened Natural Color,1,3,FALSE
R9C1,d8182a32,aa8d639f3a87c3220b1f7fded8182a32,GE01,5/29/2024,Pan Sharpened Natural Color,1,3,FALSE
R9C2,d8182a32,aa8d639f3a87c3220b1f7fded8182a32,GE01,5/29/2024,Pan Sharpened Natural Color,1,3,FALSE
R9C3,d8182a32,aa8d639f3a87c3220b1f7fded8182a32,GE01,5/29/2024,Pan Sharpened Natural Color,1,3,FALSE
R1C1,d8da9e88,93f35740f12af84060b01436d8da9e88,GE01,8/9/2024,Pan Sharpened Natural Color,3,2,FALSE
R1C2,d8da9e88,93f35740f12af84060b01436d8da9e88,GE01,8/9/2024,Pan Sharpened Natural Color,3,2,FALSE
R1C3,d8da9e88,93f35740f12af84060b01436d8da9e88,GE01,8/9/2024,Pan Sharpened Natural Color,3,2,FALSE
R2C1,d8da9e88,93f35740f12af84060b01436d8da9e88,GE01,8/9/2024,Pan Sharpened Natural Color,3,2,FALSE
R2C2,d8da9e88,93f35740f12af84060b01436d8da9e88,GE01,8/9/2024,Pan Sharpened Natural Color,3,2,FALSE
R2C3,d8da9e88,93f35740f12af84060b01436d8da9e88,GE01,8/9/2024,Pan Sharpened Natural Color,3,2,TRUE
R3C1,d8da9e88,93f35740f12af84060b01436d8da9e88,GE01,8/9/2024,Pan Sharpened Natural Color,3,2,FALSE
R3C2,d8da9e88,93f35740f12af84060b01436d8da9e88,GE01,8/9/2024,Pan Sharpened Natural Color,3,2,FALSE
R3C3,d8da9e88,93f35740f12af84060b01436d8da9e88,GE01,8/9/2024,Pan Sharpened Natural Color,3,2,TRUE
R4C1,d8da9e88,93f35740f12af84060b01436d8da9e88,GE01,8/9/2024,Pan Sharpened Natural Color,3,2,FALSE
R4C2,d8da9e88,93f35740f12af84060b01436d8da9e88,GE01,8/9/2024,Pan Sharpened Natural Color,3,2,FALSE
R4C3,d8da9e88,93f35740f12af84060b01436d8da9e88,GE01,8/9/2024,Pan Sharpened Natural Color,3,2,TRUE
R5C1,d8da9e88,93f35740f12af84060b01436d8da9e88,GE01,8/9/2024,Pan Sharpened Natural Color,3,2,FALSE
R5C2,d8da9e88,93f35740f12af84060b01436d8da9e88,GE01,8/9/2024,Pan Sharpened Natural Color,3,2,FALSE
R5C3,d8da9e88,93f35740f12af84060b01436d8da9e88,GE01,8/9/2024,Pan Sharpened Natural Color,3,2,FALSE
R6C1,d8da9e88,93f35740f12af84060b01436d8da9e88,GE01,8/9/2024,Pan Sharpened Natural Color,3,2,FALSE
R6C2,d8da9e88,93f35740f12af84060b01436d8da9e88,GE01,8/9/2024,Pan Sharpened Natural Color,3,2,FALSE
R6C3,d8da9e88,93f35740f12af84060b01436d8da9e88,GE01,8/9/2024,Pan Sharpened Natural Color,3,2,FALSE
R1C1,da43260f,6a4dfe2ecbe7614178b60d38da43260f,WV02,7/24/2024,Pan Sharpened Natural Color,2,1,FALSE
R1C2,da43260f,6a4dfe2ecbe7614178b60d38da43260f,WV02,7/24/2024,Pan Sharpened Natural Color,2,1,FALSE
R1C3,da43260f,6a4dfe2ecbe7614178b60d38da43260f,WV02,7/24/2024,Pan Sharpened Natural Color,2,1,FALSE
R2C1,da43260f,6a4dfe2ecbe7614178b60d38da43260f,WV02,7/24/2024,Pan Sharpened Natural Color,2,1,FALSE
R2C2,da43260f,6a4dfe2ecbe7614178b60d38da43260f,WV02,7/24/2024,Pan Sharpened Natural Color,2,1,FALSE
R2C3,da43260f,6a4dfe2ecbe7614178b60d38da43260f,WV02,7/24/2024,Pan Sharpened Natural Color,2,1,FALSE
R10C1,ddda48bb,22544eb0812939693a3827c8ddda48bb,GE01,6/6/2024,Pan Sharpened Natural Color,1,2,FALSE
R10C2,ddda48bb,22544eb0812939693a3827c8ddda48bb,GE01,6/6/2024,Pan Sharpened Natural Color,1,2,FALSE
R10C3,ddda48bb,22544eb0812939693a3827c8ddda48bb,GE01,6/6/2024,Pan Sharpened Natural Color,1,2,FALSE
R11C1,ddda48bb,22544eb0812939693a3827c8ddda48bb,GE01,6/6/2024,Pan Sharpened Natural Color,1,2,FALSE
R11C2,ddda48bb,22544eb0812939693a3827c8ddda48bb,GE01,6/6/2024,Pan Sharpened Natural Color,1,2,FALSE
R11C3,ddda48bb,22544eb0812939693a3827c8ddda48bb,GE01,6/6/2024,Pan Sharpened Natural Color,1,2,FALSE
R12C1,ddda48bb,22544eb0812939693a3827c8ddda48bb,GE01,6/6/2024,Pan Sharpened Natural Color,1,2,FALSE
R12C2,ddda48bb,22544eb0812939693a3827c8ddda48bb,GE01,6/6/2024,Pan Sharpened Natural Color,1,2,FALSE
R12C3,ddda48bb,22544eb0812939693a3827c8ddda48bb,GE01,6/6/2024,Pan Sharpened Natural Color,1,2,FALSE
R13C1,ddda48bb,22544eb0812939693a3827c8ddda48bb,GE01,6/6/2024,Pan Sharpened Natural Color,1,2,FALSE
R13C2,ddda48bb,22544eb0812939693a3827c8ddda48bb,GE01,6/6/2024,Pan Sharpened Natural Color,1,2,FALSE
R13C3,ddda48bb,22544eb0812939693a3827c8ddda48bb,GE01,6/6/2024,Pan Sharpened Natural Color,1,2,FALSE
R14C1,ddda48bb,22544eb0812939693a3827c8ddda48bb,GE01,6/6/2024,Pan Sharpened Natural Color,1,2,FALSE
R14C2,ddda48bb,22544eb0812939693a3827c8ddda48bb,GE01,6/6/2024,Pan Sharpened Natural Color,1,2,FALSE
R14C3,ddda48bb,22544eb0812939693a3827c8ddda48bb,GE01,6/6/2024,Pan Sharpened Natural Color,1,2,FALSE
R15C1,ddda48bb,22544eb0812939693a3827c8ddda48bb,GE01,6/6/2024,Pan Sharpened Natural Color,1,2,FALSE
R15C2,ddda48bb,22544eb0812939693a3827c8ddda48bb,GE01,6/6/2024,Pan Sharpened Natural Color,1,2,FALSE
R15C3,ddda48bb,22544eb0812939693a3827c8ddda48bb,GE01,6/6/2024,Pan Sharpened Natural Color,1,2,FALSE
R16C1,ddda48bb,22544eb0812939693a3827c8ddda48bb,GE01,6/6/2024,Pan Sharpened Natural Color,1,2,FALSE
R16C2,ddda48bb,22544eb0812939693a3827c8ddda48bb,GE01,6/6/2024,Pan Sharpened Natural Color,1,2,FALSE
R16C3,ddda48bb,22544eb0812939693a3827c8ddda48bb,GE01,6/6/2024,Pan Sharpened Natural Color,1,2,FALSE
R17C1,ddda48bb,22544eb0812939693a3827c8ddda48bb,GE01,6/6/2024,Pan Sharpened Natural Color,1,2,FALSE
R17C2,ddda48bb,22544eb0812939693a3827c8ddda48bb,GE01,6/6/2024,Pan Sharpened Natural Color,1,2,FALSE
R17C3,ddda48bb,22544eb0812939693a3827c8ddda48bb,GE01,6/6/2024,Pan Sharpened Natural Color,1,2,FALSE
R6C2,ddda48bb,22544eb0812939693a3827c8ddda48bb,GE01,6/6/2024,Pan Sharpened Natural Color,1,2,FALSE
R6C3,ddda48bb,22544eb0812939693a3827c8ddda48bb,GE01,6/6/2024,Pan Sharpened Natural Color,1,2,FALSE
R7C1,ddda48bb,22544eb0812939693a3827c8ddda48bb,GE01,6/6/2024,Pan Sharpened Natural Color,1,2,FALSE
R7C2,ddda48bb,22544eb0812939693a3827c8ddda48bb,GE01,6/6/2024,Pan Sharpened Natural Color,1,2,FALSE
R7C3,ddda48bb,22544eb0812939693a3827c8ddda48bb,GE01,6/6/2024,Pan Sharpened Natural Color,1,2,FALSE
R8C1,ddda48bb,22544eb0812939693a3827c8ddda48bb,GE01,6/6/2024,Pan Sharpened Natural Color,1,2,FALSE
R8C2,ddda48bb,22544eb0812939693a3827c8ddda48bb,GE01,6/6/2024,Pan Sharpened Natural Color,1,2,FALSE
R8C3,ddda48bb,22544eb0812939693a3827c8ddda48bb,GE01,6/6/2024,Pan Sharpened Natural Color,1,2,FALSE
R9C1,ddda48bb,22544eb0812939693a3827c8ddda48bb,GE01,6/6/2024,Pan Sharpened Natural Color,1,2,FALSE
R9C2,ddda48bb,22544eb0812939693a3827c8ddda48bb,GE01,6/6/2024,Pan Sharpened Natural Color,1,2,FALSE
R9C3,ddda48bb,22544eb0812939693a3827c8ddda48bb,GE01,6/6/2024,Pan Sharpened Natural Color,1,2,FALSE
R11C1,e85cf885,3fb6e890ca1713ad20d9f4e6e85cf885,WV02,8/30/2023,Pan Sharpened Natural Color,1,1,TRUE
R11C2,e85cf885,3fb6e890ca1713ad20d9f4e6e85cf885,WV02,8/30/2023,Pan Sharpened Natural Color,1,1,TRUE
R11C3,e85cf885,3fb6e890ca1713ad20d9f4e6e85cf885,WV02,8/30/2023,Pan Sharpened Natural Color,1,1,TRUE
R12C1,e85cf885,3fb6e890ca1713ad20d9f4e6e85cf885,WV02,8/30/2023,Pan Sharpened Natural Color,1,1,TRUE
R12C2,e85cf885,3fb6e890ca1713ad20d9f4e6e85cf885,WV02,8/30/2023,Pan Sharpened Natural Color,1,1,TRUE
R12C3,e85cf885,3fb6e890ca1713ad20d9f4e6e85cf885,WV02,8/30/2023,Pan Sharpened Natural Color,1,1,TRUE
R13C1,e85cf885,3fb6e890ca1713ad20d9f4e6e85cf885,WV02,8/30/2023,Pan Sharpened Natural Color,1,1,FALSE
R13C2,e85cf885,3fb6e890ca1713ad20d9f4e6e85cf885,WV02,8/30/2023,Pan Sharpened Natural Color,1,1,TRUE
R13C3,e85cf885,3fb6e890ca1713ad20d9f4e6e85cf885,WV02,8/30/2023,Pan Sharpened Natural Color,1,1,TRUE
R14C1,e85cf885,3fb6e890ca1713ad20d9f4e6e85cf885,WV02,8/30/2023,Pan Sharpened Natural Color,1,1,FALSE
R14C2,e85cf885,3fb6e890ca1713ad20d9f4e6e85cf885,WV02,8/30/2023,Pan Sharpened Natural Color,1,1,FALSE
R14C3,e85cf885,3fb6e890ca1713ad20d9f4e6e85cf885,WV02,8/30/2023,Pan Sharpened Natural Color,1,1,FALSE
R10C1,f6d60199,f550d0406540449b4c0da8b2f6d60199,GE01,10/22/2024,Pan Sharpened Natural Color,1,3,FALSE
R11C1,f6d60199,f550d0406540449b4c0da8b2f6d60199,GE01,10/22/2024,Pan Sharpened Natural Color,1,3,FALSE
R11C2,f6d60199,f550d0406540449b4c0da8b2f6d60199,GE01,10/22/2024,Pan Sharpened Natural Color,1,3,FALSE
R12C1,f6d60199,f550d0406540449b4c0da8b2f6d60199,GE01,10/22/2024,Pan Sharpened Natural Color,1,3,FALSE
R12C2,f6d60199,f550d0406540449b4c0da8b2f6d60199,GE01,10/22/2024,Pan Sharpened Natural Color,1,3,FALSE
R13C1,f6d60199,f550d0406540449b4c0da8b2f6d60199,GE01,10/22/2024,Pan Sharpened Natural Color,1,3,FALSE
R13C2,f6d60199,f550d0406540449b4c0da8b2f6d60199,GE01,10/22/2024,Pan Sharpened Natural Color,1,3,FALSE
R14C1,f6d60199,f550d0406540449b4c0da8b2f6d60199,GE01,10/22/2024,Pan Sharpened Natural Color,1,3,FALSE
R14C2,f6d60199,f550d0406540449b4c0da8b2f6d60199,GE01,10/22/2024,Pan Sharpened Natural Color,1,3,FALSE
R15C1,f6d60199,f550d0406540449b4c0da8b2f6d60199,GE01,10/22/2024,Pan Sharpened Natural Color,1,3,TRUE
R15C2,f6d60199,f550d0406540449b4c0da8b2f6d60199,GE01,10/22/2024,Pan Sharpened Natural Color,1,3,TRUE
R16C1,f6d60199,f550d0406540449b4c0da8b2f6d60199,GE01,10/22/2024,Pan Sharpened Natural Color,1,3,TRUE
R16C2,f6d60199,f550d0406540449b4c0da8b2f6d60199,GE01,10/22/2024,Pan Sharpened Natural Color,1,3,TRUE
R4C1,f6d60199,f550d0406540449b4c0da8b2f6d60199,GE01,10/22/2024,Pan Sharpened Natural Color,1,3,FALSE
R5C1,f6d60199,f550d0406540449b4c0da8b2f6d60199,GE01,10/22/2024,Pan Sharpened Natural Color,1,3,FALSE
R6C1,f6d60199,f550d0406540449b4c0da8b2f6d60199,GE01,10/22/2024,Pan Sharpened Natural Color,1,3,FALSE
R7C1,f6d60199,f550d0406540449b4c0da8b2f6d60199,GE01,10/22/2024,Pan Sharpened Natural Color,1,3,FALSE
R8C1,f6d60199,f550d0406540449b4c0da8b2f6d60199,GE01,10/22/2024,Pan Sharpened Natural Color,1,3,FALSE
R9C1,f6d60199,f550d0406540449b4c0da8b2f6d60199,GE01,10/22/2024,Pan Sharpened Natural Color,1,3,FALSE
